file	md5	series_number	instance_number	slice_location
004ed0389c309c9afdc4348638da6ee63d5520ad.dcm	3c0bcc1c44ce06d14957af26472484b7	9	3	-3.094955444
0082e5ee63c7f0e5465c485352e721d61c599f0a.dcm	8320abe8a1876f62e8ec9dd6957587ee	15	46	30.87841797
008e52ae992e8eca1928bd501dc2e019c9cc8ee8.dcm	df8ed36eba3caaaadc4cc6ba03a39736	6	17	-4.787580013
00b236505d16556cd7a5daabb28f26bb53bf2386.dcm	d5fc6662b15eeb6e04bb117aeaefeb51	1001	43	-222.9649506
00bcfd73d27b6a639156a845ab5490b2467ba4f0.dcm	60e9dbda4547d6f65fcca8453e9fdaee	1001	36	-184.4877014
00f28c0e78d12cb9ab119696ef4ba36c4cf0f336.dcm	e5f952f1682dd4d2ce8a6a909df4fc62	1601	11	-161.621582
0172652629ba9b1d723864455409b5d644d9805b.dcm	e11bd65ca7b4348958bab25d351b5820	5	9	-34.94831848
01bcd7499e1467ec16135420d80ad43ab32f7f6d.dcm	a186cb4ac65773d42256622236ca3b02	15	45	25.37841797
01edc040765c84cdb411f9f2b1f51ab6a5690ae9.dcm	9781d5b19d514d793ef346a88d682579	15	2	-211.121582
01f58b811920c86d83296692501e4aafd6857a65.dcm	67982102dbef5dac354e59c801889b48	7	9	58.78108215
0225575c10675c9eab73b664d2b2432de4855d58.dcm	64bb361310ed4f97712454235afc5173	10	2	2.401787758
0226ed4bfe63eef7ad957e061997fb9c9fb2422c.dcm	f4e83832ccc7e1407691cef43b2380d1	3	18	1.942154408
0236f716eab8fc22695c368c713a6fbfd3f3c353.dcm	f2fdf38bcd6cf92ccdcd7b95a0dc2f13	1600	54	74.87841797
023a61b8c153cbe1a5a14002b501f62d444f2838.dcm	baa9ff8557d80ba8d8265e738f8316a1	1601	3	-205.621582
024643c8e8091b671bfaca759575ee366ec4bd4d.dcm	2b3b52f98a600e2bc1310262edbd0139	13	7	-109.9769592
0249e131c10371f03c25394e235bf3934e72f1f7.dcm	cf854db9dd984d970723115d01e74e04	12	9	-36.07545853
025d7559fd8b8244a9fe5402ed624e37b4147e3d.dcm	28b8c5779edff3b7e2434b4b1038d44b	1000	40	-206.4747009
029dae8571df45a079916b80e83aca6839d5fa6f.dcm	1f001c316c87360ee9dd1ac121e19f85	4	16	-6.255725384
02bf42f077115c5c833131ba276d80e119a7eb22.dcm	0192b30d3a950567450f405f1613bf85	11	94	-217.4682007
02ef0f87e884eebbbdc7fa6c012104646a3d6867.dcm	ed8d22fbe09bb504c67002416b2c99d3	5	19	6.041101456
0331089d81108de8a452b03019be6de182fb7c4f.dcm	6a4eecec54b98df0a6758e542699a13f	14	17	-54.99992371
037ad81676933192647a915f73d607fcec237ffb.dcm	df22fb291812658361d84de361243aec	16	42	8.878417969
03b7307684b47af2aaf83fc07106e2fbf77ae000.dcm	963ea9af1a453d45e82024010a569ddf	9	36	-184.4877014
03d6b90fe2b2d77f228cf42ebee22aa7555cf5de.dcm	3c78b04b8a5dfc1ad5f18cff63efcc92	11	15	-69.05595398
03e672c07a2155ced9e01e4b1f30f2752da50e58.dcm	c21efd06244dec5803c6fe825f6e21a8	12	32	-162.5007019
0425ddac3d599a5b2162ce193da6ed7e56d98b7f.dcm	9d5f0dbd7a6b891117ba6a1c5617a670	13	9	-98.98153687
048e9c66039fc4c74e1c4643efd98e681cfdc53c.dcm	94b15dc9a8ec5fc47cbcfcfe243365f4	1401	36	49.45659256
04ca64e5b77086b59ce03953f7a223ac97a459c2.dcm	96c3084f775edaab2502c694ebfb8624	14	20	-38.50679016
04d7c1f824fa0427b5e3c10a5092e9c72e54b170.dcm	20bee062f72cc1d4f5614ac438feac63	10	17	-80.04945374
051b5bd4c1ff5cf2409873fe10e1bc778effcdda.dcm	880b2bf535ccf4438ec8513f14fa2db7	1000	4	-8.591711044
054a01d9bcde4626542bb7791af0f5877048e682.dcm	f03cfce6965765a7a6601a3a51490397	1400	41	76.94515228
054b597ed4786f542964f9c29580692350c2cfbb.dcm	3fb291e448e06217cd971902cec67cd7	12	44	-228.4617004
05ef921ba2318459d6ee709cecf76947b3d73043.dcm	acd354feb1571711096e41e491d88a8e	1000	34	-173.4942017
05f3c4af1a3c907929243b7beadbae2a97f61019.dcm	689220d95cbf0f16820c1b66b159b02c	13	46	104.4337082
06404fa2f41f8be02c7427f1e4ef11b1b8aa1d05.dcm	1d7aa1521243df8bc52d358e70f43ab6	2	16	-68.15686035
06c5221887d91d2cc281a7958099a382d749d6e7.dcm	2912fb56a42e048f962e45d433e6e2b8	9	40	-206.4747009
075156248c0ef5c7a188dd1004bdaf5d4786393a.dcm	5239689f262a4c3b5603a2f7b5169221	1401	23	-22.01365662
078fe4cca44e7dd463ecec4d97c4742ca3a4400c.dcm	47c9a4f9ffa5d54c8123bf68f657663a	12	48	-250.4487
07cbaab25bee8189cece03475312a3a1f8f0bec7.dcm	3937beecb4c33e76384dd367a48f1aad	11	19	-91.04295349
08b3a3fd879e65ab5bcf0b0a173621eed84e9f82.dcm	14fe51a81ec5696091cb20feb04118fb	2	25	-26.88307571
08b7934dd818b92f2b5cf172f43c6577433f3529.dcm	96c25849fc0a413b58417d0922608d3b	1400	29	10.97261429
08d4f41fea0535386706e1f6ac203f7c73d6cd4d.dcm	0d5680e01d68d27a083adadd128169f6	11	31	-157.003952
08d9d09214209464ea233fdd3fcdb7dc50afc6dc.dcm	2e951d19991781f214344090bad4244b	16	65	135.378418
090f3dc32a5d624e45c7b067283460e8a6f31a96.dcm	f77a05b5a7fd416506ba3437f4bcd29a	1001	50	-261.4421997
0925154213eada05b459a49450b5879c6d4ac4c1.dcm	4e2168f972a4f618184442c92c0db7ac	6	16	-0.4367148578
09451d61f09d5508c03d2b6d2f28cbc9425456b9.dcm	9cd2cdf6a852e61d54f111fccb21c8ec	12	6	-19.5852108
09b95be31191de28fcf69a073ad4bd0e30667849.dcm	b1a599ce1db395f9d15db0bda679982c	1601	54	74.87841797
0a103f7091746f901c1ccf883f3d88be6598d781.dcm	1fe2208cebdd75a32e5662cd1e0aec38	12	39	-200.977951
0a71e02d6dfdbcad4fca369cb1593d7200b33797.dcm	4e0ffb410809427a8c246e57f67883dd	15	41	3.378417969
0a9202c9814c4aa76fcc16ec03bd6e0c9d500b25.dcm	3296ec49bc516bd12077a5bb7b467597	15	9	-172.621582
0ac9e3476309a24700ac0c2364d3a533361fd66a.dcm	5ca366ec6a36762fa306f21da8ae15a0	1150	52	-272.4349976
0adc116b91182e928076fe2f34e26ce0fde9b2c0.dcm	357da83f650be85ab21b0ed896c14534	12	28	-140.5137024
0b1f47a256fe7e9caf362222fb27b3b78cc5bf6d.dcm	3eb2f0da3bfdc17c840482006791ff4a	7	20	-17.84017563
0b200f3a7858aeec94278a49e78f9cca44503f30.dcm	c4052ac2758c99353923941019d95134	11	24	-118.5267029
0b58bde99580a53789ed88b9a2826487eed5bd62.dcm	4243c445785eef0a2af810278485faff	8	3	-239.2000122
0ba1f41e5c7d29f9c8e5615a685b1c6fef826ff6.dcm	7b20e4b5f52b3fafecb53ea8866120f6	1001	31	-157.003952
0bb8acecdd7f23fbbcc36e0e76b26ad26da67aae.dcm	4f4fe0b3ea11fbb97cc11f615cd7afc1	11	1	7.898537159
0bc40858c25a278788d74119a1ed4f3eb797a973.dcm	c44038fa92dc79a509a4cbf51dfe445a	13	37	54.95431519
0bedc5f1a3b3f26ff2840e9d67bbea63137fbe6b.dcm	e36abca7bfd6c84308925b5cff6fb0fb	1601	25	-84.62158203
0c0130c17e0a5a607e81cb050dda87d0f1b000b5.dcm	4217a8d272f4ed0d3d37aa0a1dae40ca	1601	15	-139.621582
0c6d88598584d4a3ddcbfb294863acf3218c8a7b.dcm	49c09bd0f106008edd9556f59960596e	1001	37	-189.9844513
0cd8f1b32e854e8d8f8b021a28fe2581811ce6b3.dcm	47c2104b74406aa402702b3cbffc2b74	10	22	-107.5332031
0d3be4e4022ad318fbafbfe0cd696fcc84da3b5b.dcm	1bfc6dbb084bcd2207340dd15ccbb76e	13	41	76.94515228
0d5e2ae93b6ec75c009a54deea1bdd03eeb14257.dcm	8beac4ff4ca9d0b0199f67595b3e1461	2	13	-81.91478729
0d6b999a3841cbc21f46abb6b82448b8735bba9d.dcm	8183a0a7789290d40307d278ba5dca57	7	21	-32.74671936
0db628221ffa95cdf2e282d69d33f2b3609f0b8e.dcm	02a9f8a558cdc2beb902411001ff70d5	5	3	-59.5419693
0dcc608432ca78aa5fd42a8994c1f084ef9e104b.dcm	b43ef96b9e9d848834b5b16c0232c530	9	42	-217.4682007
0e1f274dfc21774dfb3b79778fda59a72788bc93.dcm	7f3cc9d0af8abd0d28652e7808ee2e80	1400	42	82.44286346
0e2ea196ba20b3f5f2579669436f8d9ca32b454c.dcm	eb80bc3b1319279d0080d04b4bf1f979	9	50	-261.4421997
0e3e0a492a54a44f44c1631875332270169995f2.dcm	baa33f732032e7ba2d9e5d84ecb9894b	5	15	-10.35466766
0e78620aea9894060f00541c92bd370501bba964.dcm	faf52189b4567b9048f8d908a82a7b7f	1001	49	-255.9454498
0ebeccbe3cbdae5df0290e803fb8de4b25500d2d.dcm	46e1b3141504e01214ccbce668bbc2fd	1600	64	129.878418
0ef5b36867ffebf6b506d3cbf852b875fab1777b.dcm	a8bf2415d499ef4a90a649a7bb72b0ce	1000	22	-107.5332031
0ef8a2893113e2c0bc9a7cc79b7be43d19e80072.dcm	91b9f1445d9a2f876fac96b372c56f53	1001	19	-91.04295349
0f4c8e3cadad0f68c4025df3489b91c25003729d.dcm	d502cccfc50ae231557bb038e68a7957	1150	9	-36.07479095
0f6e003d496f1af0415438f063553bc28ad86226.dcm	4d1153fa54181341662bcb408ae4d6fa	6	25	-49.12470627
0ff6d81a29e141aa271bcebbd568c54a59820fd1.dcm	240820ef612fe05b0b4ba89657533b96	11	83	-157.003952
1018dff05727cadf7164c84bd369b50b28124986.dcm	2bc1a286ff7726434de12870c071de5d	1001	21	-102.0364532
10a62276993469337fabf6f0b148e23fc33efdfd.dcm	72e21997c5ee6c713c24856af96073bf	8	18	-79.69999695
10c5e2d1d272a6cb4c6636001405aa19327f4c8c.dcm	f5f2e9cc25aa632d5ea83562fb5a8a60	5	12	-22.65149307
10f15de27a9477c16ce469b6c47dbcc3c710e636.dcm	d92c6fc0d10e624b517d0f0c300809b9	16	24	-90.12158203
1115d13cace4e2429eaf7a5cc4196b829be9d63e.dcm	a71a8468027ac1fcb23541e44d762d08	1600	7	-183.621582
11bc851edf74181c30d16643dcbc6428715c02b9.dcm	64b33ea9b9a87ad3630cd8d381cb773d	1000	17	-80.04945374
11c72b7a5fed16c051844feaeacfe464ab486f3d.dcm	20d0fa8d5dac1fedf652983e56df5b5f	2	28	-13.125144
11f414abf4346e522925a8c01b899944b788700a.dcm	063f5720e7614388351f26d60f1821a5	13	19	-44.00444031
122add5602154273e4a86c9d8ae80ac96b0cd285.dcm	dee9dc037e0f8273dc7643a4c020af3b	15	36	-24.12158203
12901505890720682f3341e32255a72afcb9b638.dcm	b24179a8c102d93a7b45907baf6ae914	1400	11	-87.9861908
12abf786a4bc7e152e49fcfcfd7b9952cb8da281.dcm	c363a4017d5665ae7d2dd431670d5b1f	15	14	-145.121582
12ef1bc90d88e0f37796ea5b52bcb76c2eefa442.dcm	b81c266e0df7005a11ad4172dc9f5ecb	1400	35	43.95888138
13016a21adfc9e7b1fd916923d93d1b62e39aa5e.dcm	0de5fe37e1827edcacac68403c64541c	16	58	96.87841797
130c448c3c0c3f63a11a509d702b4f7af4b0d44b.dcm	7181412230cd470ba56f212e1760daab	11	69	-80.04945374
133b22224c25912fc7db494817a4bb1f50e38774.dcm	37913ab43484aa784b470a7200b4e7ff	16	4	-200.121582
137959e44617bd21367c857e4c1cb00cede2468e.dcm	ccff0708a626648d027b485e90a2d582	1001	27	-135.0169525
13dfee3c1965e9ae91a9bd713fb9a2dbdc81e7a4.dcm	67c17bfdf4efe380835d5b010b2136f9	13	14	-71.49298096
141bc2522359bf4d74b7f9aea0c9b6fb59f6feb1.dcm	0e976bf353497b2ea785f375479dc2f8	6	4	94.38990021
1426ca904c8fd4fb5d9e338059e815ee21940bd4.dcm	694ea592c98cebdb70fca9280889cd9c	12	47	-244.9519501
142ac38d25df6acdebc21b13fa9e62cee302e9ed.dcm	c550cdb8b3bc0e2b65510e5256eb3d40	1150	11	-47.06830597
144e24eedaa94b11a85f40e4e9fc15d3a06fcc5b.dcm	35fc48065f1c187450231239c98f2b81	13	10	-93.48382568
1482470989a46dd8f3787c14157a814e5abf2378.dcm	4a23d79abd8d8f5b12f63e32ad51ed79	16	11	-161.621582
14b62fcdc25a9180d5b8a50e4b04049cf67f4316.dcm	087fff09f71f28621737749a8acedbfb	1150	1	7.899185181
14c7b13d490d319178a1a81af7e109a14505ddbc.dcm	16cded9a3ee22281b9bf13acb290ba56	10	4	-8.591711044
14ea555f703e8579a8ef0b0a72520cd88a18ba64.dcm	09af96286eae99965eb8c237c45ef228	11	22	-107.5332031
14f15fe324f54b5b5dadb9ac121d99040bced874.dcm	74aa82ca802ada9d81bf46d7872b4465	13	34	38.46119308
152f3cb3c033fdf0995b313f143334316cf2f7ea.dcm	eeb85bd2be5b08f15fa8601fcf99aea8	1601	53	69.37841797
162e907620005cd506ba10493a0fbbeda20dd132.dcm	2ab9e1f9ed8a259c3746b965a0c4fee2	6	5	90.00074768
166187d624d33243bc49b0985929b6b6215ab871.dcm	8f6df182de37f8a5a900d326d6027f1d	9	52	-272.4356689
166e93da56dfac54a521c2967b2bc83991d56ae7.dcm	2d8b05f9c0309125a1e808f0a41fcfff	11	10	-41.5722084
16b3fbf5e188f2c688fbb07307192276f0961a5d.dcm	353efaf4948f1bbc81b22577f35f4632	11	88	-184.4877014
16d8738eae529631c8735dd4b12f720210988303.dcm	3b6205312d4fbc84cd6a1ad31f72f4f8	1600	8	-178.121582
18d6c6e62675e967a191bda20a5370c4d78a0ee0.dcm	b247c6e9d148fcf25d209b47ac0793a4	1150	36	-184.48703
193564a2c1aa4ff593dccd3059b39518aa2e4a5b.dcm	11ad01654457994c11ed3dcd3a61dfb2	1000	51	-266.9389343
19dc17a68b461f91f2d13a83201bab1d913bb050.dcm	72a2d98a11f6579ca3867aec7b309b72	4	4	-55.4430275
19fb8460e467f7333e6ba23c3d9450221df2af5f.dcm	8b9bca2c69ae59c9652a3cdd4622a9d8	2	26	-22.29709816
1ae5281697437e698757f0a36ca2592cae71212c.dcm	ae67251525136df3c740e17706e57ebe	12	14	-63.55920792
1b0b04ecc3628f9eb3d5f35525293b251b24a6cd.dcm	16858b67f7c7cca8f39696ebddf18094	16	2	-211.121582
1b2d5d689c00e179765ac3c71b8e38a4bfe6fd1f.dcm	ee69f9353c54e07276807fe961b53550	6	10	54.41244507
1bc0203402021c1c35f7c86f88f0ffc4aae34632.dcm	1c11d89d3350decfba74a7f5ff2a1dce	1600	18	-123.121582
1bf665a7ead7e124cd59680318db2879f9f4dc39.dcm	f3d7ddcaf383c927e4aa3c1d1daf514d	14	13	-76.99076843
1c1affb42408cf10b3beff8d8a1dad9c7a16b4e9.dcm	b2d2d991fa62a11995d1dd910bfda576	13	32	27.46577644
1c9764c86997f4d34c8d1e272370e0acab2eb82b.dcm	80b06f00de5b8dd683dbe80e3b29ebc1	2	27	-17.71112061
1c9ad5b9770525d48b69b5d7de5e08ab1f1f8cf1.dcm	f1027b0347e90c07607d3670cf656856	11	39	-200.977951
1cf348ab10a2780ef50d34e09b88ea098873f611.dcm	40c522654598fba95b9ae81e13d25fda	6	11	34.14480591
1d2ebf2cf5870fab7a6b924775e01974f5df1af6.dcm	e6ff78afccddbf07c55ace65296494d6	10	40	-206.4747009
1e12b9fedaa4128fb297158519100895839d53d8.dcm	9a5d22f83aab0fd8368d9233f39a3599	1000	25	-124.0234528
1e858227933f3c090eb5dd8f3701251b2e890e05.dcm	25cb4f9b94d5c7e361060d3f62244633	15	55	80.37841797
1eada5d54c011387b30cf316ad48b1919ecd1a2f.dcm	0e12e1f3e419ddf4222ef8b426af804f	12	7	-25.08196068
1f506af9eed848de083bc2c8675d8778495cfd48.dcm	058382ffda32a81f88d517b3358f3076	1601	29	-62.62158203
1ffe56c98bd40d7ac24e3f780163a1a2a03bf0d1.dcm	538936186ca7b21cc82b147d7c6ecd58	1600	22	-101.121582
20724c934f10b3a0dbd8e4f507d8b6703c009902.dcm	f26831b9a9cf379059e269450de82762	2	18	-58.98490906
210402ecc055044ce127758e2557f86d889e3ecb.dcm	b642c807bf5bd3b480f8c2af5f2da68c	16	66	140.878418
2104af471839783e3e26e94433f626542496ed1a.dcm	00973ecf40ee161da78b1d6670ea30d4	1600	46	30.87841797
213ba50bbbfc61c2a93d672187c49ce0699fa5d1.dcm	cc22b869524830d693a6441d92b69f14	10	11	-47.06895828
214e34eccf7eafb458679be05c3af3b7252d2bb6.dcm	332417f0e95ebbed0a49bd0187f7c9d8	8	11	-39.0
21e0b7806a912496c7feb9dd5a71e160afa229c3.dcm	1b402d5ee98818d9e59687714cd0ce36	1401	18	-49.50221252
224199827b1c5bf6b532621c680724b2f9c1ca3e.dcm	dca2735de287453b6367dd4f35c04318	1150	12	-52.56504059
226c55ea12d101aed63cb64a12d0fad3872d7751.dcm	3b161e2c14b5437b36db60264de73a0d	1601	8	-178.121582
229eac8db8dd151ff765287345c69ea6cb582653.dcm	33efc221b76680aee8e1fa36ffa9248b	16	26	-79.12158203
22c7ef11af8eef6a48afe2a193808e27995cd733.dcm	cea3d23768cb28b0f61ae08dd5e6e37d	1600	66	140.878418
22e760dacc4abbed8c40cf92a0e2cb7c20f9bc6f.dcm	8ff6d587342019994be0331e172c4bea	10	5	-14.08846092
22f95cc383a78454dd5a7480c1a4322f6a7b41d7.dcm	62892473f00a345d1fb20b740a3f0c61	14	10	-93.48390198
23d30a83e41d6e982c7e6cf80edded43ffdce23b.dcm	09b2461910dbf02f5ad8ae867517b90b	16	1	-216.621582
2472412d2400c5138b6551599cf4ad13b307a95c.dcm	a156083f339575fbdd83b6981b381a2f	11	47	-244.9519501
24796c4f9d71fa02a310f686cb7563bc5abcaa01.dcm	feef5e72dc9fd985e5829bcf05072bda	1150	41	-211.9707642
249c57b46503c067433f6c709396810bf66980de.dcm	1f1e7ef2ce1eb7855a85066fdbb6d2ac	12	22	-107.5332031
24cfa1e745db0211d2818a4dfae71865425fc959.dcm	7b70435930819dd951bb069c8a2be9ff	15	28	-68.12158203
24eb9e009273d1d3c8eb1f9a80dff79dc8b3442d.dcm	4d56bbd46e817a54d202bc1a73515971	14	41	76.94515228
250b7ec60a5034018dfab2c2acafad3f546d4a00.dcm	8a536a9e4981b68532f43c1cd4e6e7a2	1401	25	-11.0182333
250cd98ccd2fe0fcdd053a3461717cc2377d0f0b.dcm	a5a0d784314effdedc13640fc8e2401a	1600	16	-134.121582
258cdc304306b23888661d74a7c856170d7f4e94.dcm	ffa844f9e3e834068f88a9e0372bc84a	1001	10	-41.5722084
25f6193cc069f6c2981e399550e032707146cc47.dcm	076bf4fabd5691ae8afc60bbde82f0cc	12	10	-41.5722084
260ec4141e4a0ee0c0c788b21168a3d420bae7d4.dcm	8480c7dbb89d5b12ea715fcd207d7f30	9	43	-222.9649506
2619b4e6ec52bd2e7d01126b94b9ce6270e4dc11.dcm	a9d4519a40e7d63b78969f74d1868133	1001	15	-69.05595398
26424808c228dd148b6988f14a2f6811442d3c27.dcm	609af96e9246c9fcf6ad44fa93d068a6	1000	23	-113.029953
26555d8b070be5644326afc8218995ffb2b33b36.dcm	8702eb9263f49e56b458e22c11c76f03	14	37	54.95430374
26d1e8a26b05a1b5f56e7d60e711a5953e940a79.dcm	06a8db22b5667acf92e3c7e9899d424e	1401	5	-120.9724579
2769c271c0753f7fbe7c187edaaeb8b9af3c1b91.dcm	0f99e9c4d828e9f6e63cbf6f8932ff67	15	47	36.37841797
2791c82871612243723b078f3be00f269af48c4a.dcm	a42a4e2d0a69ff908f5d26fa063fb5ad	16	63	124.378418
27963a55fbcbd518798493b3d7c5c420512313c2.dcm	b56a892c333b878841b2364dbf5bcc9c	1400	15	-65.99534607
28cd3c32239c74873939791261c1c3166e5c3fa3.dcm	e531e4ed241a899818f332d8e306f398	13	44	93.43828583
28ec296985f6e561a720b24e68d7ddc81ab16291.dcm	263c0c400ab2cd757f07bffca995b9d6	6	1	107.5573578
28f00958f19c41c9094266f39554a6e3ef03d537.dcm	374888a558e4a7f20f50250af7ba1418	1150	47	-244.9512939
28fe685573a58bb08cbf85289b916ee5af28e946.dcm	6d8025f2d80af5405412e55e2fb896e4	1601	12	-156.121582
292389a8732f11c4a94eefa09058a9f08ff33dd3.dcm	dc225d9a27677dcb12e874320f81a0e5	15	64	129.878418
292792d7071c7995d0730a8482926892f0f28563.dcm	ad03b52cca60f0a4c06c84ee8f7d4ef7	10	28	-140.5137024
293ddb91304953b3fb73b6ac938881601fd881c6.dcm	f63410fe9a7563c62dbc23f489b577e1	7	3	98.77905273
294085d71d255e7ce15f4df1089a39bde353f6a6.dcm	e5102b8af0b3040477f478ce44530455	9	31	-157.003952
29d73ab28d99284eff0e299f9b8bf4f709b208bf.dcm	3ce24e41fd44a527bac629756b537812	16	40	-2.121582031
29f72716371fedf6c21d51ab21e31b424f365b97.dcm	b18c9c6648c778a61be504cbc8c5d59a	1400	45	98.93599701
2a14915257d4ad35ecc80ad4f6b93aa4e57b2415.dcm	e3b27eeef9fb4b5b3c16aa38076becbe	5	5	-51.34408569
2a2ca287266c032a7c962c217781bcadb13bb61a.dcm	68f11fcbd54f8bf5487dd17c159481f4	11	77	-124.0234528
2a906336e858cbc407007201df3eeb0ae4f03bed.dcm	07c3f3aa218c142eca83afe42cc7094f	1401	21	-33.00907898
2aa7d202beae7e144180e654e211a7ed674b33e9.dcm	7ba8ca76522e1daedac3b07bb0480e97	1000	24	-118.5267029
2b854b3dad1ab8d82294e3a50ccb445961b8c9d7.dcm	e59a7744faffc7fa4095138aa199f521	6	9	58.78108215
2ba2fa5704d68e17133a488ef632933374e92439.dcm	0c76a2c2f488e99821dc622da89c35ad	1400	3	-131.9678802
2bc41c43e85fb93abb887b32c832d6178599acb8.dcm	49b6591e14d898bb0765322c3d853ed2	1150	37	-189.9837952
2bf911045029192405d7c38aade40e9dedec19e0.dcm	484d01a47c53be8cf2f4d1aba7da9123	1601	42	8.878417969
2c2cc16a48f6f869ba7db813e4bbb8ebbc0e116f.dcm	1b49825d219d804b86267a5364601b4b	13	31	21.96806717
2cf1a50305bc1cc27ca56ad38a27ed88f31fefe3.dcm	f0cd2716e1b323bf994e827c932392cd	11	54	2.401787758
2cf255390d0414d0444cf7a9415e00ee8132aefe.dcm	ced0c521072b72b6d66cb1aeef563479	2	20	-49.81295776
2d2b1b90d36d23438305efed5763a463c3889dc7.dcm	2d1234ef1370aa9c05910bc085541ee8	7	2	103.1682053
2d9810bc940680bebcc15654d93e15b024f884d3.dcm	41eba6ac19e076ff43e376881d0b684e	6	24	-45.03020859
2da9788d165708c43efbeb4f86df67a589c6cd4c.dcm	f4ebc01fc79444914233f6397fe4cb3d	1401	31	21.96803665
2e51f3a40b8b279142f7c569b64f11a78e391006.dcm	0291432d6cf65a5afc5ae74d3b246542	1000	3	-3.094961643
2e560295dda10caa06b553bec70f2e4bcb118d30.dcm	1408c20d4dbf5478887cc74a67c0c836	14	2	-137.4655914
2ec44f134f8bd2264d09a319c9d99117fc894c78.dcm	691ddb3f6da00465e114771172087b85	1401	8	-104.4793243
2f218381f529a3418488a3f224a927389eb63c77.dcm	722188e505d05a2d7d53616a782e1ca6	1600	62	118.878418
2f5c733f81fb837d8c3f729c35909cc76fa5f145.dcm	14309d388364e887cf0542514c66f52a	7	7	67.51835632
2f8d944a8d842d7dc5976d16b6bb683d2e5ccf61.dcm	f57dcaf381b84152ba61f18837a29ea7	2	21	-45.22698212
2f975fa5a4c84ec1aa2d1790f74ef235f7d2efc9.dcm	102786068dee3a6d912ba99cc06213b0	8	2	-274.2000122
2fa87869804f3fdad818cbbccbd779968d2661cd.dcm	cb3e15afbbf60fbebeef7b4a72ffee36	1400	30	16.47032547
2fb02205bd6cdbf24258c224a17a64ffc0217ac8.dcm	f945b5e56c192a9686c3ad5607291123	6	12	29.75366402
3048f6cb2eeaadf0a7942981c299ff8a5ec6c9a8.dcm	134de01db2afe02e8b031549a3e9c340	1150	21	-102.0357895
30658640dd3c7211a1b2cde4454a2e7974445ad2.dcm	c4fe2ba21ee64994bfd27e7b13409941	11	33	-167.9974518
30a1e373ad24352de824f104ba2db4812e767b9f.dcm	a6a5cf12a398452d58a758dfbf4443a4	5	8	-39.04726028
30f0f6bd46c89b5eb274feea600099ca72b6ab19.dcm	00feae2418908e978e37ec03abcb592e	14	45	98.93599701
3114037e92a6961ed1fa6305718cbce8f1e8493b.dcm	a9d716ebe3fb4bfee64481bc07ff5c01	1001	14	-63.55920792
311faf2628b670dba3ceee3f709813d753402e28.dcm	bbb32291539bbe83e12df93c6a706c3d	15	6	-189.121582
312f92104da81b4bfbf966de31150c95bfd4020b.dcm	68e84a167d1c49a8bdb6c0c8fc52afae	1600	51	58.37841797
3173502112a66ea58aed28b60238de15f007751e.dcm	6a638811020b2769aaa4dad9ae369fe0	5	18	1.942159057
321f799809c2b6d1b66f19d8c8e1e840066b2445.dcm	84dcba0a54aa0fb8263b9d87f03c0248	11	20	-96.53970337
322b968ab3af38fab72b63f662e4afa63ebdde0a.dcm	8803a03bf494d11a413d2146ce4f41ad	7	18	-9.138444901
32b27a6d707c6c4fbcd56365aa0edf6d2d69a1f9.dcm	3824218d37be9b6e60088319d8b1cfd1	10	26	-129.5202026
32bbc6abde0ad84607287efbb6d2b81100093b6e.dcm	886a99e886e9a0ba23c61257485f2bc8	11	98	-239.4552002
32c32d57f862183ad6fe8f5a8023c6a984ebe6f7.dcm	564ab77dd1759cd21316073b6d3c7fe9	8	23	0.3000030518
32c6a2657eaa2c6e2e18a79bfa7f695e9c30cba1.dcm	5ca3ae48099755a5654924bd568e87ec	1000	6	-19.5852108
335f72e690c5283c39de3816153dfc33d147b23e.dcm	4c9329516577dafe24cfe1221b95098c	1400	27	-0.0228091646
33ac61d39d93ed82de9681d11714e0afc58264a6.dcm	95eee3a1d22c8e9b105d7a2d7ac9b87a	12	41	-211.9714508
345b00f141ab22fe9188c6581489df4eb0e6eadb.dcm	c14f8e05c5bf4409a08b6f16856515bf	1001	52	-272.4356689
350b4ff86c0eb03578d93d22dabb63764d9d68df.dcm	4668ee674c97df4f297893d154b6997a	15	48	41.87841797
353365429c1744078b6d8687a834b8ac06637f88.dcm	017f51b40fe2bda99c779379fbd6771b	16	12	-156.121582
354f7ec67d67fffa40a29eb5edeb923ff8c62442.dcm	9e8f1971a507b024528963486fe58ccd	6	3	98.77905273
35de639a0921aaf10acb93284867507be0c3adae.dcm	7d27309ba6885b323547a06fab768268	1150	35	-178.9902802
36401590c5b48aa0aac3a3290e6eff3b1accdb34.dcm	4bc37cc8f0b4dba4717bdbcde679e68b	1401	4	-126.4701691
372d20a375ef21b1367434146e84e6a113cd7da1.dcm	8eb880e2f6648ee1887e66db16880065	11	36	-184.4877014
3740eedbdcdb05c7cbfd03a70e3c34e8b971769d.dcm	79de71dd55a30a027c552cfb4336cb71	16	36	-24.12158203
378c327fb4ff2e4698e29748a92c4e1f41e2c255.dcm	e817d198e4c8b3c4ef0cd45e7698ec27	1601	62	118.878418
3795aa2f44f90b7d2c462ab26a23051c4f009a87.dcm	0fa4fab238f5c67ba003fa0677cfd106	1150	22	-107.5325394
3832d6c1dbc35a8018546a8cc5e203e708a59661.dcm	bde871dc91ddb0e3bd9432a4a6e63a54	1150	25	-124.0228043
3853fc744664761a4c2b779f3a18ec6346ccfdc2.dcm	0fad5f88fca464a23ae0c55d70749d7f	15	29	-62.62158203
3901723d01fa2c8f8457897e74b68427564e717e.dcm	8f5290b1fb00f5de1794da821b1feaee	13	33	32.96348572
395b36e3a26933b22de7fbf87538af50b5ded096.dcm	fd0da6a7d72ded5b63c303adee466199	11	82	-151.5072021
39a8870293a9551b5bb0fc7405a2bd819546e5f3.dcm	a7b1d45c321b44ff89cf345846836287	15	18	-123.121582
39da0aa25b6813cb0bcef8cc07c03c23276f1720.dcm	003ab157f964bba030f0787be9280b40	1000	1	7.898537159
39e66125ca497aa85f00b7ba3513576555bf5254.dcm	9f2a94012e5b760fd02faf19631fd01c	11	71	-91.04295349
3a0a05fbfd1b91d59167a21456cdc50dcdee0431.dcm	5b8cce159f33e272aeb7a91217006a4d	2	5	-118.6025925
3a0da1a5e8ae353f276b4aace3ac98c2f3388abe.dcm	b4e12060edd101860d1a296c1304c1c4	1400	24	-16.51594543
3a259548b592a33a6c8f570c76e66ba541979d33.dcm	9797ecf2dcc3b210946939434b61cac5	1601	10	-167.121582
3a3621efb852a3bb84c5b29ae790e34945a7b7c3.dcm	04220847594b492a71c1f958f8a728a1	1001	47	-244.9519501
3a4cdaa88d3d018bbe97496c2ba5ff4d5563ba7e.dcm	dab3fd04146ef82a33a97f15d1d9812e	6	20	-17.84017563
3a51042ac3f6aa0cf9eee09e55ebfaeb4d1d7f08.dcm	1619ef5e97a2c3a74ae9db335bfe449d	1600	4	-200.121582
3b25a6d04f02238ebbe4646f954ea28ae820d4e4.dcm	cbd42e3084bd7e2500c23a10e7c7a1d2	16	46	30.87841797
3baea22d03f5ec6fc37ca0ac13adc5567346579d.dcm	faad30e688a824231b445a318dc13fef	1001	42	-217.4682007
3be868ac605506fa7a5c198c786b6975ed27f657.dcm	9460023c34939906ef1f95ac6376c225	9	26	-129.5202026
3c10add81b6b37b8b420c24e961cbb4f447087fe.dcm	e5f3007dbc7fa5beb95cf7b79541dc10	1601	19	-117.621582
3c1cf57b18864576eea6bc74272ae19d5c1a4644.dcm	fd79fd001a8e7cc4667d278b1fb7341f	1150	39	-200.9772797
3c1fed0d74b909c7aed103956188e89e99a2014e.dcm	dde6a543bc19ef0e461de40ba5485413	15	42	8.878417969
3c762e237c11a363ce5ba92b3810a01e930894ab.dcm	f0d8364483f800b0097f88961e702899	16	28	-68.12158203
3c7d5343cae5a7cc3524f4ec48c09f54724e3f5d.dcm	279f7f4788129a377819296967cd8322	16	13	-150.621582
3cfba8f1c7a129b31e948b86dda205368e9b40e6.dcm	e278fbb7a94190b4d435a51d527e7f33	1001	34	-173.4942017
3dc9005ad0af1783400e1f7081038e3ecb9c5efb.dcm	772ab602e535b1d6a4b5814aabe909dd	1600	31	-51.62158203
3e03f3691c849ce1181ad8fe100fabedfdcf402e.dcm	5a456803fd7ff1c3f14e9367d79521ef	11	65	-58.06245804
3e423a2ba2dd7ee8b251f5c9525c17f95e87f9d1.dcm	edcfff8413844f575f247e700f386b71	1000	21	-102.0364532
3ef3f1b191d641ccd0fd4f565ccb8116260e1f31.dcm	83e38c57fe7fba9152c34a8a8fe3339b	9	34	-173.4942017
3f1ca3382cb25755e03e05268fe5d32171344dc7.dcm	3c5c80e734b8dbd20b607951edc0be42	12	24	-118.5267029
3f2159ee7c609b9038fae0a9d4e99401c12958bd.dcm	0199d4c41890972388f154fa3967dd1b	14	26	-5.520521164
3f2a022e7375e91cf1c6180056b73a40f9583b5a.dcm	fb2321faad691a205596edc4145bf37a	2	24	-31.46905327
3f3d45c0b9c5297b6592bf1c48191ee7a2822c2d.dcm	5245a14a704d7de8fdec48e4abccd9a2	7	1	107.5573578
3fc0058eaf6369271d421fc6da9bfb19d51b791f.dcm	40c5cb1455f71f88790742adc329d057	14	12	-82.48847961
3fce04fc9884b1f38c72ab864dcff5b4cf0525fe.dcm	e6e1a01475992b008f6f9db18cece137	1001	2	2.401787758
40104ec3b690230bf611c5fe9c6ca27f09e49ff1.dcm	f3547c555b6e1ecff0e97cc0ce165b31	10	15	-69.05595398
402f3dd29ac47096eb9baa6cda4b1ca541df868b.dcm	86a14ad6e15906b48fcbac7d1f206ff7	11	85	-167.9974518
4041fe4d62d5916185b12517690223cd39a78699.dcm	c725b19854ed031ed1d48fca71157f4e	1001	33	-167.9974518
409ef5297a81a606d1064c186ebcfd41d2f3b505.dcm	ff53d4343d4ba4436e295ab203afe1dd	1001	6	-19.5852108
40d71bffd0804ddfd3c3bf10d708b72725fb77ef.dcm	1eb1e02b4b6b4fdfd6b43c16dd894d51	1401	41	76.94515228
4111133b0da23bead0cec596ebfbb2b951b10083.dcm	9af54565365b57c9930a3f47a4f76964	11	4	-8.591711044
412cbdf6e5b082caa95b11763fae7f300e8d9107.dcm	3896b2c2404f3d5940c6b4bc47afdfea	10	35	-178.9909515
4146613a7f7da7e56827ddce3c18a9886677a0d9.dcm	1fea43dfe018b00ce1e498ec9d4a75f0	1400	5	-120.9724579
41a8fe26fc1fef1dd92925485d2bfc28173d3ae3.dcm	ab507fd2ae312a91c150c3489a569bcc	1400	6	-115.4747467
4277fc6d73b409011b99c61de1dd17ea293bf782.dcm	ff19dcde4c8bff3f541455b54c82249b	1001	29	-146.0104523
429ca740580120adc12a7dcd2feb196db7e70e47.dcm	42d45e9f04c9be6329281be38cd00063	1400	18	-49.50221252
429fcc339e0d87de9c488b2444aaa8044c209201.dcm	9af43065c1a37d4fa1ce5f32734b2821	11	48	-250.4487
431cf9455ba3b38da1dd234bd1785d5d58aa9aee.dcm	c8373410bfd46c7de68d61ead9dcd929	11	57	-14.08846092
43eb3e16605e1e623f0cd439a5c5d1c65e7485d0.dcm	c04d1ade34c4e332ddf48914c47e106e	1000	30	-151.5072021
44029dae2a477ce14797098a2b44131eb04c9aac.dcm	262699d94bb829ea5b4208fd0a874f0a	11	72	-96.53970337
44283be836cb207378efcc5fd19fb3f64937cd6b.dcm	0455a4802dec93e1e7ddb950867c5b11	12	4	-8.591711044
44d11acd73eeb220741712067f5378e470ebf67e.dcm	a11bccb3cee7c742fe57ab1597f71f20	11	44	-228.4617004
454ad14c8d3c7491497ba171ad40babc650aa842.dcm	afc77c3f90452f180e4adcdcd959ef14	6	14	20.97138023
4581f051807c1646064b14d170e8a5eaeaa62d2d.dcm	3022c481af37d41b054ff440312a80b1	1150	16	-74.5520401
459cd50503f2d181195f84e15fced441efc03b7c.dcm	5c8d044462a42d0a50ab043550a5da7f	1401	45	98.93599701
45b4a7368714577cb541defac07deffa6783234c.dcm	fec326ee2bc59d78327947d0970bd594	4	10	-30.84937668
45d1ed8a1be35269015838954eb8a7ec904085d7.dcm	3d2daebe41debca653130d2b210c6e64	13	39	65.94972992
45e470ad8fa50399d84928a4cd80d601ce319854.dcm	a96efc054041c674d27c0fa92d2e7f25	9	24	-118.5267029
46279c2a401388cce0b44313b7d28acc59f69da2.dcm	780aa11c5388c2dbeac29c8fadacdebb	7	24	-45.03020096
46ac42a54d8f41c9571fa1ec080304b8b6eb1092.dcm	404546371177fe77eba468e5ce64b77c	10	27	-135.0169525
46ea04c0df1c873f747620e796e5237727960e1f.dcm	b9a530ccbda42823cd4320f564075816	11	29	-146.0104523
475632bac17e1be2b4a90c36b47290a7d88060c8.dcm	be2bce1fba3e180a80eb0acac97a0647	11	79	-135.0169525
47e2d719443623c5212867a97c98bf1072e73a6d.dcm	3aeabad21010a9ff293c7f4266306c1e	1150	18	-85.54553986
484f9963d5176ac368a03e889dbe51d8b6d4b782.dcm	11179162cf9462903b73dedc10a876e7	11	51	-266.9389343
48720042840dbd894d6c914d5a478c6c275e5fff.dcm	891667be32ba9f1c2aa5a2d9805c3ab4	8	22	-15.69999695
488950b7a4fc7c7eb2c94c4844372b734d9bdac6.dcm	414ce729268bba467988c64788bd60f4	11	18	-85.54620361
48a68f3e1a280f7916d751f6cdfe24a6eb2445ac.dcm	d5b84b986094c36845c39867eb6db908	9	49	-255.9454498
48da15a809738a12e98d7d4790555020b4ae5b36.dcm	87401041c44481d0e08b1d5a82b9c519	1150	40	-206.4740295
491386d406adaaa021eaa05350c85fd43685a1ee.dcm	e17a6a2a28749089352a309a7f957ea5	1600	43	14.37841797
4970da683196a8df3bd0fab8a52f001a482b9ef9.dcm	14b656e2a2302f050d26c813ae112ed4	4	18	1.942159057
49c2d6636f405a8f1d114828fcd129beb0f7c7eb.dcm	44fe2579c1514216d66db069c38e068b	1400	14	-71.49305725
49c31b76d35ec7cb95033c353fa0797fc4393820.dcm	67c9819aaae019fca01479ab0821a31a	1601	26	-79.12158203
4a25ab0dcacea91975ae748df32b686d76cded62.dcm	a78e20448134594065eec58bc4b62aa7	8	17	-95.69999695
4a61614444cc24743c40ebe5e4e8c323cd328956.dcm	69a060545da25da696c86a0f834bdaae	1600	37	-18.62158203
4a6ff046ee1403eeb9ee6ce0e1a2d5f9ed894fb9.dcm	cdf21c08f90fa78d6c5d36532cca0001	1150	51	-266.9382935
4a7acb96bf1c938df9617e9e6d711e1b50d3f390.dcm	d601b42216c5a6f5451f44ba05056791	16	33	-40.62158203
4abd52c7970cba8557bded2c0d92dd644fa32577.dcm	059fc3a0224037788a00b09488f33b03	1600	41	3.378417969
4ae66a5b3f096f5afad849da12a39807798a8d4c.dcm	eb80aaac0335cf9d18058562b0d3512d	10	13	-58.06245804
4b387a44d17e58f65d27e2fb3825abd8c9dadb11.dcm	162818b8615fd83500e90dc85d08dd03	11	40	-206.4747009
4b3c01fa2738dc7bda7d630c5e89e5d110acf722.dcm	6aac3cfcbeae415d0d177ab325a6bf37	11	102	-261.4421997
4b48de385759d3dae4102a37c76d18a346cfcbca.dcm	b201e10612edd700d1be814d60ab467e	1400	16	-60.49763489
4b6a03a716ecf16cb0599efa87f3b5da71ed0910.dcm	7d17210c61a56f6d83dcfe5e3e86a2d1	11	62	-41.5722084
4c24b69d452354ee9a901ab6d926a3aa20c8579d.dcm	30783268abdcb39f7be9d025b2ff3f1d	14	22	-27.5113678
4c351f3f70ff02897b5c4a8704edce214c034ac6.dcm	18d105ef2676c91291ef2720a11e41e2	1001	28	-140.5137024
4c40b51987cae7d3ed3539f6eebfa57d07c0d46b.dcm	388b4e337db8f83d67dd4c4db6b7f19f	2	3	-127.7745438
4c58849561b4df9af4ff56980c5f8935c9b2d8f7.dcm	404edbc6264bb7bfa3190c58d82a6049	2	6	-114.0166168
4c88aec8b513e94ae0d33394bad8d76d132def4d.dcm	13d6d7cde8bffd14bcde483151bf1fd1	1001	16	-74.55270386
4ca02f5fe3a0c38869696287c0d7f0a7386c4bfd.dcm	e7fb54bdae52bb57768fe4a09f452a79	14	4	-126.4701691
4d0a299a121d0b8e959d40d22e5d54a90239770b.dcm	d98873aaff0f75663ac099e61f81ee4a	1401	27	-0.0228091646
4d1849760559a4d52e8a7146940bede28dfa6ac2.dcm	0f9bd05dc2361617df41f813f3af4c36	10	43	-222.9649506
4d294d80fa7a9c95708d560258d05d997b31eb08.dcm	2f6f81d0dc913f469cc2d346608f2b17	16	67	146.378418
4dd779fc8b037236ee36184b4b9c0629f1c1efb3.dcm	105a9a3af1f720ee6112bd2ff392ecba	14	8	-104.4793243
4df13672fa59f81d9239fd70a25f9e3820d2c73c.dcm	f597e77b356663bbc863a69109d666a6	1600	57	91.37841797
4e215a8c24482b097ca6ccb5b8f6bdaaf3a9f0f6.dcm	b20c194762701a25c3a32af64faad3fe	11	68	-74.55270386
4e734e85037d63158f7dbe65df41771bf8aec3ff.dcm	baaaaea1c5d7fde6f39b588f2f3fde5f	1601	56	85.87841797
4ea31097215c5cecbbe666799281c2e4d2b45f5e.dcm	3354ecce7cfcfa04ea9ea0bb28009921	3	1	-67.73986053
4ee3f686263b14c5ad119dcee0879a5d513b57a2.dcm	b180f62c98d57971ea887e6a2e7ae8aa	1401	33	32.96345901
4ef0a5fc7b62cd68c204ed5273c9d571c94efbc9.dcm	5bc92375c155a6b3104e6835214bbb5d	15	52	63.87841797
4f5514cfd15219d229bfc634ba15df77dbcf8e34.dcm	1ab1e2e0eac8c65cdd00a7914e228447	13	18	-49.50214767
4fbf4b7910f18a5388d00e31d45d397dda4d11fe.dcm	22549ec1fad7ef5d977a28992602c546	12	34	-173.4942017
4fc245ae290c8539048674847f9eeaa1810877bb.dcm	1470c32f766bb12de412faf10e5a98a5	1600	1	-216.621582
4ff7adfe76982af1e8c1e2013e93e89b15d5a4af.dcm	1d89174f84c922f2da937aaaf58ed4ea	1400	17	-54.99992371
5009499a2383187d48927256dbc4e26c087e5c12.dcm	36c62475ca457b5b2536e8f5a0eff136	1600	14	-145.121582
50484311a660423302753f4621ccebf1760b0c95.dcm	f19bd3c59a85a460a61393a4fe69997a	10	47	-244.9519501
507093ac186e0c0c26faca22a97418785f019fe2.dcm	7af38c2935993d4b8f6ba2fc0c8a6781	3	4	-55.44303513
509a45e7de8af6145c3a417c264aceefdb0585be.dcm	05607f8b48b74b4b1829221d133e8f94	9	18	-85.54620361
50abcccb2edb6016f952ecc9496e53562d3ad0b3.dcm	dc345098b876e938057acf5b5c8d5a2d	13	20	-38.50673294
50cc7f579208eba57b428809289dbebef0062c2a.dcm	20c4c9db1a718ed86159a4fb3fd050fb	1601	5	-194.621582
5169a40e9729a42e7b2bfa94eed7375deaad634b.dcm	878922183365742369229d5bbd70dbcc	9	44	-228.4617004
51770307dc320e72ec3be03c5a724525999d3108.dcm	69f3446b853cd9504c776e4f4b3e6ba8	13	1	-142.9632263
519c325a5af572a918a9b2cb77efb888adf473a4.dcm	7a56a208c398a04b61d2aea4af7bcebf	4	6	-47.24514389
51ae74658805d8dbb35689815173330cdb78ed3d.dcm	ebd75562b405aa29d93d9aac744f283c	1600	20	-112.121582
51b84dc3cecabfef3e9a9fad89ac7e40bba1d2c6.dcm	76fa740f0e0d14ae76b9e42fc546ccde	1150	5	-14.08779907
51d8d61bbd0456b27cc49ed1bbeba450bd4f674f.dcm	af5f671ab47060cf4a637a5c6135ca1e	16	48	41.87841797
51dc15c14420b80ce7a9ed7038d0e5e2a8055828.dcm	19b8b7b3e1f983fe92389f0102720563	1400	36	49.45659256
5245b02d65e309739f20b1968bc7daa407922c6d.dcm	1fda16da7fa554363677e14bb6b6a583	12	36	-184.4877014
52826f8ed26fcac039690bda137bbfbc73497dc0.dcm	488e4c1c23af01ac6f9afc8a0cf4d264	1400	25	-11.0182333
535883f749db8bcebd587194f7070fd473e5dcf8.dcm	7f8b628a6c4bbeb783be08de6154aba8	10	21	-102.0364532
5371eefab921fde4f666de7923fc846d74a49fc7.dcm	7e14dbb9c57f9a7b22e4c3376d72b02b	1001	30	-151.5072021
53e3165af928c4966eb35ce8aaf9ff8ac2231879.dcm	ddbc8db07c253b326f5f68324724251a	2	12	-86.50076294
542384357d16c68c1db794aeeaf9aa71542c2790.dcm	602bdf13edf2ea262a2d509ad8720068	16	7	-183.621582
5445f5e8fe94147628031c81048284f83ea12b5c.dcm	2ca12694ae6b6f23a5bd65fe84d17b1b	9	15	-69.05595398
54eb645a2cb510eab709a9b611c65dbe08cb5b2f.dcm	26217dd396da17d980676e359370c7a3	16	50	52.87841797
557107669f07738e6fc51fd974fe6e967835a02f.dcm	d7946d251e05c6dbcfc150bfbc9ca9e7	16	21	-106.621582
55eb12b2326b3aa0fb5101916b197c6ea092f64e.dcm	efb02d1060634c4be8a4aa8a9ff4a875	1600	19	-117.621582
55f4fe9eb75678ba028acbccc7dc9c2dfcdd4aa6.dcm	5797ab782d61b3c58be8eb8db038a62c	1400	32	27.46574783
563f8a22aaeee923c11bbba1ce688b97c242ed3d.dcm	5cb8f12126d9bab3464d5e11975543be	11	21	-102.0364532
56b99e3fa4fb9a1251ab0709f1acc4e1703ffcf0.dcm	1a7f6e5edf48fc7f95ed06d6b1567ad5	1600	50	52.87841797
56e39b24b6f881730927fc187b9f81957b687b52.dcm	0474db775ea18c21362e83f587dfad8d	13	24	-16.51589775
56f10fb0218e4c7099c735703aef01ad45b8461d.dcm	8bc5c15d7e63d88dd2d3896cbc9762c2	1400	8	-104.4793243
571f0a7602f0b6860b88a55b3eb88f3df24ad6d3.dcm	1756d7c5da1d85b8dbd2b846c7c0583e	10	33	-167.9974518
573961a8554f5a4b6a29b0f54face56e8fe81a9e.dcm	a75ae4871caefbced1ead237cef57dc6	15	15	-139.621582
5749636d7fa26a5f04aef7cfa621f18fbc1f9576.dcm	2377005f99a4d433470c1f3dd8264cf2	1401	43	87.94057465
5759d5d09c951f26588f9efd8c624aba4c6d2182.dcm	089b729b09ff5dcdab34e4b675239c82	10	46	-239.4552002
57947d5d1ccc8e82cf12d47460b4220646b5e45f.dcm	f7c8416a71559acdae6fe26bafcf27f7	1601	41	3.378417969
57dae8f49e7298b4196b03218b21f3843090a757.dcm	2327a737f88c0b2271fd24c5cec2c4ed	1400	4	-126.4701691
5807a380fb408cb32edd5b5558ce4d8f63574c72.dcm	82282a85f41a3f3b321b88824739290b	7	11	34.14480972
5863f1c7dc57b65cc2c21ca1343669284035e58e.dcm	3554b3484317b6e76b5fc4488192324f	15	25	-84.62158203
591321e8788abf5c08af48583b64e74495dd46c6.dcm	d6d532a1e96e763ca8dbefa0149bda53	1001	3	-3.094961643
598898d27c7c70de3bdfbb967a5c38d50e1ccbde.dcm	c2347b205f610b680ca04ed4ae00f88a	9	51	-266.9389343
5989e6cdcdc741f2e65f51f913593eeb587a4f20.dcm	0cf54531d88e45012e1235ceb08d9eb3	1601	66	140.878418
59f4fd6676bda5ec5a7cfb1d22365f5deeecd06a.dcm	a2eecc1d99acfda67a7dee3977aa90b2	16	41	3.378417969
59fd8f3a81b39431a063687f0bfd4f2dbecf7218.dcm	0fcf516274d4e6d54839a64ce371079a	1001	51	-266.9389343
5a82b66758af3c128d87dd111126c5af278fcf98.dcm	e00823dd1d7c18e5d68e38dbd63879b8	1601	4	-200.121582
5b28d565b2daf23f9b3fcc7e17fad3161b7ca0cc.dcm	3eb090329c7c1d2e7e8d27e44816a382	1001	38	-195.4812012
5b649a40aa7e6405dca2064647b5889b36f0b08c.dcm	85e2851468ed2819fb30cd675b768c52	7	5	90.00074768
5bacf88165f7d247f473e9bfb2d176afd33baa3a.dcm	2871d386296acd21990c251deb194853	1600	67	146.378418
5bc26214fdb23ed6c0dea2294d020daec4615bcb.dcm	bf79297e036fbf528661a8bb4dd333a5	1600	44	19.87841797
5bc6a624bf476ca2e256f2c45f792df77c4157dc.dcm	2ed9cada91240cb6036578fda6c877c4	1150	4	-8.591049194
5bf3b4cd0d7740b21145d6ca06dc45a3a7c73d4b.dcm	c1828f98e7861a35077c4abebad9442d	1150	44	-228.4610443
5c3b276ef28fa47c39bb1ee977c4466359d519f4.dcm	f643b8821d82c83623a8719aaaffc537	15	7	-183.621582
5c6ccbed6364f6b5923e6c0fafcd736fff72d0d2.dcm	d5dac97eadb569ffac0362d482923704	15	62	118.878418
5c8d89d7d75ae405a3e46e62ca0954b014db75a8.dcm	048da9ef932c8311b93293e271ecf094	5	17	-2.156783104
5ce61831298f689589d6191b95333522831c8cf1.dcm	60680aa65916705533e36c4a82167494	16	19	-117.621582
5cf322d9218a808470a87455d7a75f8a27f3c305.dcm	0a759bba04bf741749db49062b960fe0	12	27	-135.0169525
5d51d361acbf5bfa546f2a7835552291bf0b45ea.dcm	c26b2669c494dc5ef260f873720ede16	9	35	-178.9909515
5da18a5815620021175c92656688610b13cd41ff.dcm	af1ed5c50326d4ed03baf7d2efb4e89e	1400	9	-98.98161316
5dc2961a4663ea026a307d816f3547bb1153dd43.dcm	6c4a82ce0f55ae5f7c4de228159f7cae	12	18	-85.54620361
5dca9ddc52ef29c57d694b22349471e0b0ba85f9.dcm	fa0e7779a67bd8890c436dfec3417305	3	10	-30.84938431
5dce11a7ad852dc3b7246d8bbbede1d492aff065.dcm	8627c9a5ff76e1964bc0129b32029983	2	23	-36.05503082
5ddd273f760ebe02c9248d7922412db3fc705bfb.dcm	c7aaed658b6b3da5b5e0ce99385f971f	1600	29	-62.62158203
5df1b7c913cca5abac54623d92770cbc9766e022.dcm	a8e55a47f1a23d2a6e492618be62d093	1001	24	-118.5267029
5eb14ba78176b1499c5ba138c8517060c5178d23.dcm	003866fa8ccead68b9ea7696b6ab08f6	1000	50	-261.4421997
5f09775798056090402e080d8a93527c0f2f4511.dcm	52931e27cff85b2915527dd2a507352c	12	26	-129.5202026
5f2b613cfaeeca755157e1c1173ffd1b05f5c92e.dcm	36cfa1e9d9ac3c6c868e34f765c5567b	7	23	-40.93570709
5fc281b4fe87f1f1a4ffe62ee0ec32430c174cd0.dcm	0a196e2633152a6d1ed504c756583d68	8	19	-63.69999695
6041e12d2f1edd8585922d1f72e67ccac0377303.dcm	35b56e2953260f76b7b8500938614ae5	11	89	-189.9844513
605f893324ad35bc7057311c25cf8d62fc6a3cd9.dcm	773818139434a4a17d80366e24ed7e47	12	3	-3.094961643
6086b24d883c23ac0122bdc0740b77676d32337c.dcm	ea6674338f01a6862892808c8825b13c	14	21	-33.00907898
6153b7dfb110a5037104e23b66f41f23b6ba5a61.dcm	1fa5a5488d238e495ce4f804a20c0367	11	3	-3.094961643
6170c938eb1751c90767107fbda9a986aed9dd84.dcm	15a20a1d446859f4bbdb11cba430e7f6	15	37	-18.62158203
617bbd00ac7cfb0dfed8dfc6bf1db79d2d846a3c.dcm	e3dcf7b0c1bf13bc317a533ae65f71f8	6	23	-40.93571091
619fb74678ac5f3aca0ee0d882727b60ac9f2578.dcm	be2b5349bb20478741ca36f5e1b0ea1a	12	11	-47.06895828
61caa5deff5912df43ade3a3e21a70def3619f65.dcm	01993fedc82ea6a1b8dd2cae14ca09a9	6	8	63.14971924
61e269ea46185e1a33ff269ca2cfd2f40e81bbda.dcm	b8ffd7fe5fa25d78da1be53bb283544d	1601	34	-35.12158203
621cc65e7445de604dbe4e472f98d04c2e104d1e.dcm	6b3867bc55c8cb51047f7fd3c30f8f8d	12	1	7.898537159
6246af343c3544e30b64cee53b352792eb4b04f0.dcm	151d3d38b43d2c1e01a68b08adfa0d6b	15	43	14.37841797
62cb08a78999e10c82c7e80cdfdc88410f3a9a45.dcm	38cf3512c6d19c25f752a43ca43b21ee	1601	38	-13.12158203
632fac62ecb1cfbd9ec75296c4c2756cfa393f0d.dcm	39038faccaa6bbbdb2b4fa05b8c7f4de	9	22	-107.5332031
63e28929a56db1cfc035f3eeb44c8e969b5c5e9f.dcm	5a531af351b707ddcaaab64c2b8b2f69	1600	58	96.87841797
641fca728c9f1e82efb5adf30cd0a07d9393bdad.dcm	2d196d0298c72786420bc6a01a6718b5	2	11	-91.08673859
643e3cabee232d2daef0b77e676afd62a60eb192.dcm	46cbccd481337deb6e23c25ec0cb45c9	16	20	-112.121582
6451d3ed6338c58ad0bc2481afa7e2bf6f1fa6b9.dcm	bac74bb73e48288f5c89ea280825e71b	11	2	2.401787758
64a668eb69221c733244afe71648745155947d20.dcm	198cbb81d09e3ed0b27b389a986b8ce3	5	2	-63.6409111
64c5bdab96ee648440532f6e64251efa0a0d13b2.dcm	5e1e18b34381c30190ad1ee65f03aa16	1600	32	-46.12158203
64e55afa3171bd6801c625d581f9c62350b357ff.dcm	944f08ba5ccdda2d90101de9c4a2f91d	12	50	-261.4421997
650352cb68e16aadaf524facccc3e0bcad601121.dcm	38a851b647d84c30987eb07ee82e3c66	10	50	-261.4421997
651bcb47b8bd871e98ce445f4888b0e518384987.dcm	3029c570e3b190489caa1ee64f27c19a	1150	7	-25.0812912
656126ada26e5475164d6e308c1c72b85391392b.dcm	4bbebf6a4a3abd9b99fed1416630012c	1000	39	-200.977951
656d34222164b8aa3c6979bc9cf4ba2d1d18cdbe.dcm	0be7653acc77da6f423b2d74af27428d	9	30	-151.5072021
6619942d65dd208ba73760510a230a67089a57f1.dcm	a364294adee46e1256e71c430694374b	10	9	-36.07545853
6642676970929526d8fd3a95600280bddc2fbf56.dcm	bafb76273c92d81bdebf6a3fafba41d5	12	23	-113.029953
664e82e3060d39f66c18ebffcd90d384eead5e8a.dcm	c093ac1a4ce94a8da268e65463337efc	15	38	-13.12158203
6686538b4b72c16ca48d677137bdbdd490c25ba9.dcm	2ecbaa27030e4cff434cf87c73983202	16	56	85.87841797
66ac46ac42fcdb9517e9ab3832a8f80739339487.dcm	4f944bc0e62828439804581c568e5b59	12	15	-69.05595398
67139ff7914ff2b4ce756c08039d8a7052142861.dcm	a102c17e7f1e8e382182ee45da8a22fb	10	45	-233.9584503
67459fa3f35d6048af45df5a11820e978d5579e0.dcm	fc881ac4f8a7e97c3e8ffd002ed5c78b	1600	6	-189.121582
67bcafffe716d7d0a2e5d8e83771deea3b2fc9c6.dcm	73464e231743c582c1ecc5b345b858ee	16	45	25.37841797
682b36156e00668c3dbd2a32fa6b9df38ac9ec24.dcm	5cffb68538b76998a8353e72a39ea8d6	16	64	129.878418
6837dde0136ab42771e98025f9832552eb748c99.dcm	6752063badc78329ba81e156801df400	15	35	-29.62158203
68766e79dd479bef204a074291daa82244ccbcb4.dcm	0403790f7949384d6739b8f7324a3131	1601	60	107.878418
688da526871773d7fd19fb2479971f9077f90ba8.dcm	267fffe3b4565e1ec49984b5ede8d97d	1601	57	91.37841797
68afa8821769896f830cdbe2014759fd04b4692d.dcm	7226bde69218e7fcd9bbe0c9ffbfa283	15	61	113.378418
68eb2b13ea17b2249ce801cb9006cfd4dca82ef7.dcm	47d1802b381729d1eca49344f04e0a5e	1600	17	-128.621582
693eabb938a2bd2605bc97a8a250a085d3919834.dcm	7c7a69bc0da056e8d700ed61b9d69e48	13	22	-27.5113163
6945bfbc3001359f4546ab3818859ca3e1499b26.dcm	3dd7a4319e3d42a05fb8c6f3fe3e0d37	15	19	-117.621582
69c19af4ccfd8638839647dc83568946c95ed28d.dcm	f57cfba9778fb86456235f004f4732ac	9	12	-52.56570435
6a67c74c2929d9ca681c499215eb0807575e06f2.dcm	d2f8d4ec2396178936844ec8771b06f5	1000	35	-178.9909515
6a6d59bc28f8ccc3958b15b56308e5431b59a648.dcm	e9cc4ac8894ef75deb57c1009354cb7a	11	103	-266.9389343
6aa853e0ea01fd1971fc42fe8d54d21aef3f0a78.dcm	6e0fa857ae0ee2e2d10c9d8e192d6b50	16	27	-73.62158203
6ab25d1c231e78d6203458cc01f8ebc42a0ccccc.dcm	d36373fb20ee66ac8fe6d97b87f5b2df	9	29	-146.0104523
6adc83d6d8ecfb959e5fdf6472e6c14d1a86a5b9.dcm	40959986eb5ffe0272e47ba88b587bf1	1400	7	-109.9770355
6b5356664ca400fa497abc53bdd9f88e41a815e7.dcm	087b21062e68f7045a4ac87a7e1f3c17	1600	12	-156.121582
6b5c25c4de9ed8be4f46a5233dac30dc2fb17155.dcm	1a6ad7086f44844c0c8fe095d78495e3	2	8	-104.8446655
6bc74e223ec8a3d4c9367190ef80a6213bec50da.dcm	6d248162f0ea391c71b838a89818f98b	1600	34	-35.12158203
6c0c31fcc0c1e2fbb4f1b16bca26bcbb3fe89066.dcm	b2b76e5120d45ecb32c17c3a9da3cb8f	15	24	-90.12158203
6c5ce801829b139d57f425d74e079676bb2d27f7.dcm	6b0a76666e2451753b5ed0fde1b2fa5e	1401	37	54.95430374
6c86f7f1d7452598826ca8be67dadcc1891af940.dcm	f91929b0f3d1c5f612cfe250fb670d53	1000	11	-47.06895828
6c9051314be27f633c40f19b12b2d1b72d5137f1.dcm	3fa3a16bbe2ceee4e77522492a48be77	3	6	-47.24515152
6cac1b1ac31fa0c2ba0a0c73dc528c098a2a4f67.dcm	0142fc0fb7c13c1d0e82120b23fa939d	1150	6	-19.58454895
6cd7d84de95bba536bcc2b197ae99c33c6580e70.dcm	6c2d65e238bef20126fc8401d4b7cf16	14	3	-131.9678802
6cfa9739990f18fdd7318cec40d8cf4f48eaf719.dcm	8758ef68391f12ddc5f2820656dba4c7	11	16	-74.55270386
6d19a7574086e0b5111b196889fc199acdd07c4f.dcm	4d7308d4c94515c4c426d8e17c74af3e	1601	9	-172.621582
6d2ecaa73f8c956a524cf2780701a6826555d8e5.dcm	5d7f8c27983ebb319c01760fffcc3fbf	9	8	-30.57870483
6d4ba53860d68129e7c79eb2d944b44b71097812.dcm	43b72ceb85ccc5ec41c77187ecae7ca9	3	7	-43.14620972
6dd02daa37d2584966016601ae714d4690b855b9.dcm	3935e5a6ec7b13c2e5d841d614555336	9	11	-47.06895447
6e3e76ae8e74fc6c2afdf17e65065eea4f49fc90.dcm	2c71dbdc448f103ccc0de8b4e8f04bcb	13	4	-126.4700928
6ec879179c23c8a082dda1e7b8902e8b7dbc6f0c.dcm	d9cf4bd1552ef218ed06ca64a2d1ad7a	5	6	-47.24514389
6f07d3d490e797b68627a442014709714a806b24.dcm	3300977134d0f9b3c1dc75abe0b2039c	1001	35	-178.9909515
6f3eea5de1918be2f6094b21b6c050c866df1b07.dcm	7a74208f626bf9938817abbed393d937	7	22	-36.84121323
6f60cc05faee1501738bb377ac69d7c7d0386bbd.dcm	d44f85a9695de8c2c84ae7c61d9cd1af	3	11	-26.7504425
6fa52ffa088112805a15b14500df5da4326d6ef6.dcm	ed8521e0ef8f5448e00f68417e10e39a	1150	17	-80.04878998
70661b6e69f9e7b8366a0ae0d53074f0fe517688.dcm	928479f2fc57f6abe8225c524860337c	13	43	87.94057465
71188b2a362f441a47d1b670881e3f4e1ca28a38.dcm	319643bf6de09e9986c3b02074ab939e	10	38	-195.4812012
712a170287ca815d4f2c7386a1366740b36c0dfb.dcm	ea25d2b2d706e0fe44c6f428cdcb4d0a	10	36	-184.4877014
717b809b8760b8e418838b2d4aa0354fd56e28ad.dcm	e90cc4ae1daa1a2019b284be39577920	12	25	-124.0234528
71bd635bc7330f6fd9f16c168bddde30211a3090.dcm	68f4e61223000962ebc71e42a7019e34	11	50	-261.4421997
71e0aa4e4d6e0c5f8af17152d274b2a219e51f4b.dcm	9685ab566b602822b81ff80d77777509	12	29	-146.0104523
72552b8f5cbd282ebbd3e2dcf37d16fbcbd7b636.dcm	e7f2974ea624db13734e6091fb735885	12	16	-74.55270386
7269a1b8e4d720c770de346943dc1ca0548c42a0.dcm	230a75f5ce4377b900e6246c41b28df8	6	6	71.88699341
726f123372eaf03d41a7959b373e415cad82ea54.dcm	24dff28ffe48e0c53fe78fa1f6450df9	11	59	-25.08196068
72bec9dccbe37e4891e3b50bdfd1c4b4e00a84ec.dcm	d6d96e7c273d6f87e6338b56d7bc4c24	1601	37	-18.62158203
7309ce8fbb6e1435fa7e0d568075c1f13f28c14b.dcm	d06c26852c91148b7691e8f634098125	9	19	-91.04295349
7314627b25f52a1da8a89dab5bfeaafd6e1dd399.dcm	d46aa4cec5fa696dae7fd593372fa6fc	1401	20	-38.50679016
73173e1b4de49ed28a8d38b6268d7d03b1300cee.dcm	6ed44cce0cacb4ec68395b5e131c90ad	1401	35	43.95888138
731afc464d152a72b811592ca71cd7b4c58aae32.dcm	04a66dbc66dd53b2dbd610490cd55f80	1150	13	-58.06180573
7360b8da0b945b016275858765fe8143c615d6b6.dcm	313bceadf2bdef4afb679e48c5130b6a	11	74	-107.5332031
73c0825c363f1084d5d73f41c1952f07cefaffcd.dcm	5c1c8eec5e0fcaf0f6e1ccc823711c71	1401	30	16.47032547
73c8bf34575b6e7ecc860b6e5c508cdfbd715367.dcm	2949b6c2052f9d2fc55b0ac26b9912ba	16	38	-13.12158203
73d5fc445554c30f353f0748f850d0ee02e4fbd0.dcm	8cc1f4d176c623f22dbd7c01d72ca0a5	15	10	-167.121582
73ed52b99b220b42a3c6821ae5f31eba35b70b11.dcm	7533859382c22dcc268477837b01cc3f	11	35	-178.9909515
747e6d544c2f826ad0cef6799592b02a3e1add08.dcm	8a4587af2a9e18b754739c19d8900095	16	30	-57.12158203
74855a84cb4926ca0aac659edc9057604f6d2262.dcm	45942422f45f584b931c1c82949bb587	10	19	-91.04295349
74ab131b2254eb10ba4f3ace6a4441a8528370b5.dcm	4c7cfbc9e82a41276cf63079303873c4	10	32	-162.5007019
74cbcda9ca72a2ac8abf31ee2ac4235e7ca4c564.dcm	19f24ae2941034675b19c76bdb99b73e	1400	31	21.96803665
74fe33f8d33ba4a5ff11b7268d506bf02303c651.dcm	b44072dfc67e444c1c922667c9c4c701	8	13	-11.0
7510bf3e06e82267ae378b6b73dc55636febd956.dcm	2329ffe78e1d0fb57566987df3a6cdcf	9	7	-25.08195496
752abe7a3668c09f5454eb6c79ae47b4ad0f98e8.dcm	fd1f33f1f0dbe1ee97d72c81eb8eb97f	1000	42	-217.4682007
7540e49bc7b1162706b99d727b6dadc80f211063.dcm	2fba900d6b2453becd3fa4ac5492e9fe	15	12	-156.121582
762c0d397b1977a6f2ecc4a025831c79a2140776.dcm	19874a4ce4c116adf8f6f0bf1ec76365	11	101	-255.9454498
7641bd534101eac6001d88ab0604cc93e064a2c6.dcm	6e7ccb8aa54ea0ced020554f98a1c583	1401	24	-16.51594543
76aff14b6ade1065f4cbcade59c0093a72ed15aa.dcm	61210886b39b035b4f785dc453065498	1601	40	-2.121582031
76e241a66008ef268b45fcb943a2c0c7d12afa0e.dcm	80264d8fa4971a982e38d1e8f33a78d7	1400	33	32.96345901
770c9479af6f6ea8768e449082deca674fbd25e2.dcm	4281f55eab0874066962d7238743dbe0	7	4	94.38990021
771044fbb6163aca6fa1e95e7c3eca10c3ef511c.dcm	3563bd33757051c373724f3a1468881e	1601	14	-145.121582
773e4c0b04e62ff886bf1935c4047de0a9ba2f17.dcm	7fc9edc51ddd7cae3103dcb97fff11ce	12	17	-80.04945374
77a7b3dcb81d5641b1c8db025e089f03e2eb3350.dcm	04f9eefd4a3efffa1e513f4265c5a635	15	32	-46.12158203
77b5d753792ae756033ed30b2a635e3c3f7d7a07.dcm	da85c184ca416ef701d578f68de69786	15	13	-150.621582
77e5f2d65e0b77fc6277d6ca111efffb960a9bb1.dcm	d3a2972d6ba564bb1b5a026df2d2084f	2	29	-8.539167404
783c19ef1df7e3885c8ead943bcdaf637e001f3d.dcm	5ac0c4034840e93c4ac5680406bae254	1401	22	-27.5113678
78401a33eb57c0657b3614ab8d6bf76d685b5d12.dcm	ab3c4c4819aa422eda970ebed7a18c7d	15	57	91.37841797
7888e0f688f0c330e225e22295ad656c9e76035d.dcm	9429a63d95c8d9160505fcfc9b7546b8	1600	49	47.37841797
78a396f035535a3879e298d80e16ca4b7d682ce3.dcm	76d3c2d14e2472cc103b7ff41dd40f27	10	20	-96.53970337
790000e6faf8c3fb6c5acaba2815c537d0edc523.dcm	5e5f5bb302f54381adaba0b2a8589467	16	43	14.37841797
7915c9ec83e9691317969ae53a87fbd33e9c083e.dcm	8d9f7fb79eb95c4c708049ff125b8181	1400	12	-82.48847961
794c5459fadf1ed6a53597789fc4446641b8a743.dcm	427f4a0d547a935011e6bae3ac9ee9cf	1150	50	-261.4415283
7988829c27c71f70c07be2f97d24d32bf2332e0b.dcm	dee3237463da7fbabdf25787ee9b2c38	1000	43	-222.9649506
79d471ae020ae4dfdbad34bcf46b2deedab8fe6d.dcm	6448030d556c8001e35108101f49977f	1000	47	-244.9519501
79d55b620c84ff788dd628c87cf0f535c894261d.dcm	ff49e081e7d3b9339ccdf03cf4ab47b8	8	6	-134.2000122
79f39cdcc97b6ddaeb6dae95c1d0a9c802ae91d0.dcm	13eb8891daa4ba8f9055584d7b984c02	13	29	10.97264862
7a51dfdf52322d65656eff1d6fde165c9048bd7d.dcm	e2812821248400f2f7c3ce7d31ef5bce	1601	7	-183.621582
7a60c276b9fcaa0352960f0d5fc4fd9c6db0143d.dcm	30098430f2faa08e88738b4d49db433a	9	13	-58.06245422
7aa8ee2c072aeac804244a99ddfa0d58d49b8eb3.dcm	ed6ec59eba1b496342146636fe744718	1601	13	-150.621582
7ac0a5cd054ae71498e378babf8c459888960e20.dcm	7372e9b59257591d912cb93030d51ec2	11	91	-200.977951
7b6af29e43d540e71939518949b50bbc7e2ba9b6.dcm	dc752c6309746ccce0f6372dd4c0e96a	14	42	82.44286346
7bb559503451f8b529aa3d710adbe632cb19dbe6.dcm	e53235934818fa32921cfcd4669c1aa9	16	6	-189.121582
7bc07307741ae3ae0b5a5906d17b1c72e071a54c.dcm	77c2726aac05dd3dd582de74e0c7a363	1150	49	-255.9447784
7bf6445c14bee3e8c415b1137be6ff52d7b9b472.dcm	14d3139a78ddc15705ff7390e38af197	11	58	-19.5852108
7c116e8dde54d8bf8f6f9014e0b0fe6cf86ffd5b.dcm	e9ecdc6f54fbc0e226f7f9c29475589d	15	20	-112.121582
7c2c28b1a41986fb0754e18cb016944cffd661c4.dcm	5b9be0818aca8a9bcf14adeaa1ded880	15	67	146.378418
7c55604d4b2fb91378bda22c2c5557dd25a29d78.dcm	239f5dd2ce471d57dbc4313447f8608e	13	6	-115.4746704
7ca7ecc7bcb554c63d314b912e38e24a402e6b00.dcm	2e4acd4c2c428457d10ba5830ec162d0	11	41	-211.9714508
7d12d3181d4cb86300312249ec9526b66fa303ec.dcm	6ae46a498635771c5f01769ad20f1fbb	15	30	-57.12158203
7d24840bf207be1535eca5ad431218350c4da796.dcm	c1a981c7e679440f3bb8046747b7c2f8	1601	61	113.378418
7d36c35750bcbf31f62ee4ba764901017ba50fae.dcm	6f2b32b85845c4479c1c6a6fb87ef8af	1000	18	-85.54620361
7d6be41cba35fef7010448134d7700ba4a8440e3.dcm	b6eb23b8a33c6b955932d029f642707d	15	22	-101.121582
7df911c84a303ff1e7e41f66d45cf664f375a582.dcm	52e76ded326b4979b1c3fed83f398e84	11	45	-233.9584503
7e18c22a1e891876df134a269d94a8d226d45874.dcm	84f14229a2b156ac09e8777abd81f4a7	11	26	-129.5202026
7e761062901dd79d61d6e83c358525acd6b3a13a.dcm	ea331de30b3395c74864b92a62b395ad	12	40	-206.4747009
7eb2daca366f208d2c7d75809146ae4fcb5239b9.dcm	8f939977025230343c23443c9282ff99	1601	43	14.37841797
7eeaab89feef4176a4b13eb1ad0850ea78b33891.dcm	805c37e8dafb52ed2d13d53195d3d10d	2	22	-40.64100647
7f796fd155f114327f14bc940c47a0711a9676e0.dcm	1ef00762db2b10c7b22690b21b06582e	1001	32	-162.5007019
7f98a9b8214569c98976da624a6dbf32d4a9f0e9.dcm	5211f23c4e485d98763a932a9c6d772e	14	40	71.4474411
7fbbbacc9cba3b1e52d447701670aeec7319d2c2.dcm	6b82bce4ef9cd6e56bf0ef1fee01f82a	9	41	-211.9714508
800a015d72ecc16b9a7e7c5ff082eda16813b741.dcm	919461b010b7bbeaf2a1e14f30f154b9	1001	11	-47.06895828
80436aa9801554db6ecea4159a2f27a6baa7fd3d.dcm	dd048c9fddc11dbe0fc9266e95f6afac	16	35	-29.62158203
8045ed85626d2335241475a8c2a7446e49c9eef9.dcm	49c7fa4ddba0c18c47dbe8054390ac1f	14	28	5.47490263
80d3cc226c6553c1f404a522733a723aa78c40f4.dcm	3ff430a06218c1715cf4870175a9bcd5	2	30	-3.953190565
80f8dfbb0042cd64e5ef9f6950e21856122c8d19.dcm	08ee46989e17af3286e57216ae600417	11	5	-14.08846092
812b0fd3d6119db645bfc77b87120a5ef143dc7b.dcm	54499926fc160ce93eb1089ea5a17c34	11	32	-162.5007019
81508e4bbfc9deadda2f14e217d31a8ebceb4036.dcm	9630e878ad34fd0ea3e67f25dc8b5f8b	1601	63	124.378418
8159a60a43265fb06aada0ab83382fdf591917f2.dcm	bd36913d25b866e2fada2c1430946cc5	1401	11	-87.9861908
81bfa4f791685cedd95bfc234344d3ca9e02806a.dcm	10cd5d6018afe8d0cd8c5a5b963068c0	15	49	47.37841797
83750a24ca73a1bf1785a6a2a5f6d6bfddff9821.dcm	8e494d3f79ae28273de40dea31070d68	1150	38	-195.4805298
83ba7cba25affaa42dc6423969dc56c02b3e03df.dcm	d13d5a1968e6294b6550ebedc041903b	1600	23	-95.62158203
83e392c1c3d873282cf89f82047ba65d671316a3.dcm	842faae709facfa1330bdb9e69438a1a	7	16	-0.4367145896
8422615ebd92c4f536b4fe5afe9ad1a85eaee77a.dcm	b85fd33a25fe26e232d0ec0ab7f3bfb1	3	16	-6.255730629
843dc76250f33b7b0c5478789ee6a804a841da7d.dcm	93bedb90cc5746f9563bf8c02e261cbd	14	15	-65.99534607
84d804d549a5b563c9e9e987ea8ea1908c17d339.dcm	264eccb68c23e3b55cc225e732e8d335	11	14	-63.55920792
85206f64e5f0ffd874b81af661bfa3db1e3167c0.dcm	bd4d8e1ca1ce2ef22343bbae8aba8af9	1001	17	-80.04945374
852ba65d0ed10c8dfba211dc34bfb9f4b40d6ca7.dcm	02d27adea9ade716d329b29df83e2727	10	12	-52.56570816
85994fbf8cb6a55ab0230907b9464e85929ee7a0.dcm	222d7f924e12b02fe983faa1918e7dc0	15	44	19.87841797
85c50ed2b11f9562e357bd323c8d17e3e0913c14.dcm	73f1b3d237935a18fa9f840cdef4b919	1400	13	-76.99076843
85d948c50484957d739732ffcfdf8f65a901b860.dcm	ca8c592a5e2842aa3b3dbe8cd88486fc	2	17	-63.5708847
85e726193cf6ef4b54329cf8d461877119fdcc8b.dcm	ad9d69ff7a4c730b2796069a561e7c35	1601	51	58.37841797
860e0f631900a52367e3ec5570a119a88235f264.dcm	47a4fec52d89a82db2e34d192713b437	14	19	-44.00450134
865a7c567833ec16361ed4255a8d2deab3a569c3.dcm	dd15280a339451d99a8f901337e683dd	9	10	-41.57220459
87172a0c98650f2d0bdc727f157f9cef40824221.dcm	1b188369cbc0c46cc38af9536323e7d7	7	15	16.58024216
8770cd9d33efabfeeba100d1e0c6ea1dd7d32f63.dcm	dfd02edb0a7b904772e459cd63d772dc	1400	37	54.95430374
87e563f7c52bfca34d8c2f170a2d9d501cceef9f.dcm	e6f48cc933f6a19e5539f8e7e8135780	3	15	-10.35467339
8802f2382d1cb11ec62e05e594a00378a70d09c4.dcm	431328e8f4affb9a0e539cc6c41c4ded	12	2	2.401787758
88c0cd59c4e763ab67d0ffad65b1cdc3832fd2d2.dcm	e8764bcb4b5ddfce1adae223bcde02ec	13	27	-0.02276994474
892101881d8bd484ae67807f1c35c4fa6aa6e03a.dcm	534c243251d40067bec03a848a015697	1150	34	-173.4935303
89649c71647e940c59ea225bb6fd366a1c6e9607.dcm	1bd999bc18f809d7df98e0ad1c815cf8	1000	20	-96.53970337
89a6c5e63e84c8314fea4d0f1f138be44260b89c.dcm	d79059ca6aaa1e6dae260145807aa8e8	16	34	-35.12158203
8a2326f244dbefffaa9167198769bd24e4e31324.dcm	1059dbb6dc81f3d86b74200462ad4f2e	1401	17	-54.99992371
8a4a3ad2fdda04c5beaca9a8ef858b1ae6bff571.dcm	d118709a7b8b59b628ef789fb7392263	15	53	69.37841797
8ae38583f4c2941e10955928b2cbcf0e354a6c62.dcm	3baa205ca6a85acdb4b5854377e25efc	1401	3	-131.9678802
8af23faa0ac1f1b28d48211bddaf4672e6667a71.dcm	74946a3f89caaaec0a0a302c50830768	1001	45	-233.9584503
8b29839c4c25e90f78f50979707ae106c7d089f0.dcm	665dc7be14cd1382f1f9e88e5e8c831d	2	10	-95.67271423
8b4cb264c9670ebf5e81b783be44133ca508b8da.dcm	9fc2107abaa74acde4f51319ed209e1a	14	18	-49.50221252
8beb0349b7cbb6c17817805de0bbb47be4d80036.dcm	d373d35cd1e05b9413c8969ccf9fca89	1600	48	41.87841797
8bf8c85a90bea84500511e9c779c719e80ffbebf.dcm	0f7c06acd9169232529f1d19d9cf4aa7	6	15	16.58023834
8c0419d3a32caabd42afc0279fa7378c22a55a45.dcm	f9e052d4eecabe98aa0c04248d9fed9c	15	56	85.87841797
8c55c35da0400624deb400e3e81edb8b77169714.dcm	e0d1ea5dfaff19c0dad5db0d1c9b99e7	1000	15	-69.05595398
8d01e24fa7101690c6627e993ea7591d43de2873.dcm	9bef322fed3f20bfcaa9f486e1810422	10	37	-189.9844513
8d205ce9dfcd6febede3d11d1755f7c3438366f1.dcm	c2761d01ec48b6c6e8d709340de0c56e	1601	6	-189.121582
8d38e260a481d4c9aef8457ad8809a6f441f55ed.dcm	e03cb19156897c3caeb7455cf66d9ce0	4	19	6.041101456
8d9e4ef6bfaa8eef344dcd2eadb19afbd6e93b1f.dcm	836bbfc2628eb899e4b74eccd2fd1517	11	76	-118.5267029
8dbab09b19010322d2be1ed4584d45e391af22f8.dcm	b2e191b537febee8f0f9edeec32cf77d	1601	22	-101.121582
8dc617c804f8ea75c9d07e85fdc3670d28d04dc2.dcm	87dfe285d9991efd90532128f62f4caa	11	96	-228.4617004
8dff0eb571d501aba8c4252195b9c3d932b2597d.dcm	12eaef8a191dfa30ff79d69f7444e78f	1001	8	-30.57871056
8e022e1c4923684e1d8e4953298ebc0c1dfa35cb.dcm	5e0d81ff4e382c42d018e18020afcfdf	1400	22	-27.5113678
8e441e19c80e4ced5923cfd9f769206a0283d5e2.dcm	4911462b013399a780bade9027cb59bb	16	55	80.37841797
8e87d76edfb0173cc783591de6fa9dec76d4cf93.dcm	49d57724e8151e7b6d663fed57ed3c76	12	33	-167.9974518
8eb2e024c69df1bfe61e49f9ff234e2534e6fb49.dcm	25c55b7bd38ea820791a1031e504ff84	1601	32	-46.12158203
8eb9de0d7ff165cc38f28ecaa463824aa63a8fe8.dcm	b43d871615c4f14ad02f0edf183720e5	16	17	-128.621582
8eca0ff786fbed436286f813721b5ea23f9c12a7.dcm	73ac866d74a71c8c8e5442a819859edc	11	87	-178.9909515
8f3bbdda73312cc4080484c6e504e87546657c13.dcm	c6036f6b8356e734d2fb9fedc1d79d25	13	21	-33.00902557
8f6f1356659c5eab42b0ae2cf0566386c747d3ba.dcm	20eb299540eb0df399d7325ccb9011e7	14	27	-0.0228091646
901fc858873705045eb253a5448af7328b79eec5.dcm	14cf386607e1d3ab9fab98058bf946b8	9	5	-14.0884552
903788424fcbdf157c71c3f469bde963b678975e.dcm	85f6a2d6acd5d833af66875502bc98bf	12	45	-233.9584503
90753928b373687df2348a1e655464ca2f92c7ef.dcm	283bda43ebdc5d9664d4a2d37b3d6e3a	1001	39	-200.977951
9092375f7dcb401eb8740e41dc23c0d8b893c880.dcm	19e8039b1f11a332b7183a24dc6cd7e4	1600	10	-167.121582
90d191403e75f68fe07845e5cd038d3322fad08d.dcm	2ed434b034cf24f11d92f050a6acf729	1601	27	-73.62158203
911074875d432cdf3ca1209344bad2614ad9b6fe.dcm	37647bdc460abd9497560d5b3b34d35f	15	16	-134.121582
9172d15851b6b73b3689a6ca4a2cb4fef8cdc2e5.dcm	f04dd61bc5c40b46e865c9ff2c133833	14	31	21.96803665
91e78c45762c8dd0d35a659ed2164e21343a0f59.dcm	4a6a587fe9932f8440bce5f6649c069a	1600	53	69.37841797
921b5e649093952dc8f66c1ad5c8b1701b8663e1.dcm	ed9144cffe377a2cdc8645dcf17a0aaf	1401	6	-115.4747467
921b6a9ef91d5451982dd795ebfcbf254f60ef2a.dcm	6c75665e3ac14078e62f521d667c4d3e	15	63	124.378418
924ed4a8a0bce1d16af6efe168662d4bda7527e9.dcm	0e16f919196a094620317dec9fa0c17f	9	1	7.898543835
92501b1f395aca227aba18b22a73c2499e1ec593.dcm	137e9c26c428bd2afb509159fd84fb93	16	52	63.87841797
930339d18e72d5d11183e1868387cfa94c189950.dcm	672e3c6e65a689e80445842af375bb8e	13	16	-60.49756241
93125ab2abc62508a449fa0557bda3224d150e2b.dcm	403ff73fd726faa0af543cbafa482557	3	19	6.041097164
93433593da4bb24b601440b061e6a88e7b8d45e7.dcm	1c40164bc54d95d5ca335de4f418ddae	10	8	-30.57871056
936165eecb1458ce87eb51bb8f32b782a671965c.dcm	dba3e68f2003d9a2375d9d67c1b14eac	1400	10	-93.48390198
937c655380f57b893901ca6a0aeccef82c005991.dcm	c9cb43ea8ec11aaf36cb68823d0e703c	1601	16	-134.121582
94178f59904623a54dd7d841fe4f3184dbabe512.dcm	12220157f0f0de17406579ffd9b83b8b	12	5	-14.08846092
942f97749932cee72189c4c743558e0be2fa6c69.dcm	77b0662d1d495940a55bb1b4460da4b9	11	6	-19.5852108
9446907e4bee8fb22d05a482536e454d09600085.dcm	6775b09af772206d1ef563b3ef48730f	16	8	-178.121582
9463d981034a0b08cc25da7d963409a1c92cdb7b.dcm	7e2680f09bfffec407129c6314224f20	1000	7	-25.08196068
946ef3a67669f5357c79a636c3780056fe6e7745.dcm	d3c76b446fe9a2c7f668a6d3dad9b0dd	4	9	-34.94831848
953c158e9935aefef4303fd2be28bc12a9df7a2a.dcm	85be840a5a1727e41a94945de091bfd6	11	17	-80.04945374
95a3cf8b296b5d4d36061808a03687befa3b1297.dcm	80d2cff2d577e9d526647d6c5c93aa8b	1000	19	-91.04295349
95cd2f58e65eddadf6ab9a1212da482075eab754.dcm	9959edf3252adc307377715c3a0cc69b	7	25	-49.12469482
95d820724222f257b1b0a91a5ffae460bf83c531.dcm	1fbfa406c45b45feaf1c23b138a7bed8	10	48	-250.4487
95f66172d22b50b43c909d5f79ff34fa0e4ef1dd.dcm	064eef95a5dc54ca0462a6d1fb502473	14	39	65.94972992
961d9ba92de37eea127e954224620ccba36d4d12.dcm	e6da23d102898300767b3840a3be2b2a	6	21	-32.74671555
963d593daa5ebfbf2b1d5d770ee926673d59e4c4.dcm	09de50adac5d65afdd2f5f8f85cb8eba	15	23	-95.62158203
965e552e9a9c36b6adbd754c03fd09f59a8cb7f6.dcm	58e025cff850c363743e0f319a25dc27	1001	46	-239.4552002
96ad9c41a83201b91a7856285da7d5b31249da6b.dcm	980dc3a086517b6e24130bd1beeea3e4	1601	23	-95.62158203
96b0112c9f7de1937cdf7da323ca27076ad03288.dcm	44e07a714c2cac72fbf18d276bfa259e	13	26	-5.520479202
96d2d59c584d4fb8eec3acc211d8b29b89843a1a.dcm	836b23933859eedd6cdd1ebe7c132975	16	32	-46.12158203
97244da3a0dde2c3fea5f63b1562c54b219d2408.dcm	4dec2d82a4f699d7a372aafc3e30c922	9	32	-162.5007019
9726a4d3922fc782b94942f8b0f28ac4a154ac25.dcm	74dcc56a57cf56b62282345653f2d2b5	1600	39	-7.621582031
97768d4a102ae14dc36662f1eaf909f0794005ba.dcm	706f5a6e6b600b1084bdb44453140e6d	11	8	-30.57871056
97e8637a957624114ceb0c64f1c834d7d3dd94fe.dcm	65373f9d30092be3efe3d6e089631c9b	10	30	-151.5072021
98450c456ab5d9e8abcc6010837b29ac772fd712.dcm	dad499bc314187a1872e9e386c79c567	1400	19	-44.00450134
9892d0d70a273bd9f43709e09f7bfff7bb5c12b2.dcm	49d23a6ff757b275ab3b0d4b362677b2	11	55	-3.094961643
9957853f4204a027deb68ccaaeabe46e2dc8c90d.dcm	0a9f88987cb4afcd4d0674c9fcf0f833	15	1	-216.621582
998528ed5a3e94cb5ccaca97bc3465bd37566f45.dcm	0bd95360eb499b965e3e8223cc817c44	13	15	-65.99526978
99bd47379072d29434614c33f40351a248cd7aba.dcm	063db0445b594abbdfa01d6025f4da68	1600	61	113.378418
99e7bbc5fa27a6c3e1e29d39fdd06f9275027d84.dcm	4708f0aa68e0dbb32a7b15f952278f31	9	17	-80.04945374
9aa7b4c6a220c75e305a89f841a4305a54a5bf38.dcm	b195480101ee4849604fa3a5d007769d	1601	64	129.878418
9ab23e2ef74d338ffc2d4bf815be798879bcd347.dcm	b4b6704ab059f1fa0f05a7da3a8a9d58	13	38	60.45202255
9b2f88b2431b27d439e3a058ba0809562fd7cdd5.dcm	ab1fe0650a51aff4bbb0759854299ce6	16	29	-62.62158203
9b3f0f27feb13415fdb71277f0fb4d83b5550cb9.dcm	84bc4e972819c148d5b8d5e12397af2f	16	59	102.378418
9b4d8921fb87dc553c71ef5e3e557e5dad76c891.dcm	b15595adca12cfb8633452f925e150f3	15	17	-128.621582
9b7f73882dbc90d1c2844383767f99e36de50ab7.dcm	ca4bcaaa46b5b45bca85117a4117d5cf	11	38	-195.4812012
9b97bfcf1e06511860ebab0a6c12d47560de9db1.dcm	bda43e95d2314af91c1643d5d129123d	13	13	-76.99069214
9bceea3f6463dc5f75f4eb6de59c38f1e9ec0805.dcm	b5dbb9d903506c5835526acb376d9128	16	39	-7.621582031
9c037fbd884f4bfeb21811a989948025b5b9f083.dcm	40096c1e4c58363455186a7fa98673b2	1600	42	8.878417969
9c37b82ddcb0b9867bec5ca7c3d39229e1ed21bc.dcm	d47cf761dd1632cec251b63af5791d7b	1600	25	-84.62158203
9c7229e3230884e8e68964ffa3a7f2c7492eb67e.dcm	72d78d562d33cbc9102caa35b6426bf5	1401	9	-98.98161316
9c99bd87d448b7ee0af13705717645c1fb1371b3.dcm	e1c6757c53158aa722563baa9d892dc0	15	60	107.878418
9cddd441f073a4864f3ec38f7403ef1531ab521e.dcm	3cb060fb2b61ed6a643ceeab9e0654ee	1001	40	-206.4747009
9d4373dab2a7894cf76546cb570146bf09162ae9.dcm	047ff026674d152951ea109ed855b81d	1401	7	-109.9770355
9d541d86320324c0b6ce837d79e7be6dfc76d753.dcm	8235d09880682890af178b5376e673fd	9	48	-250.4487
9df3a0477c92c0ab300cd2ffb03f936b8db01ea2.dcm	1fd162cac79f5f8982a91baf1b2ec2d3	8	4	-204.2000122
9e1b0504f5362666f3c5c0875aa5649cf5f6f0c4.dcm	ebdd8222d9a90f3990f70491c8e8cd21	1400	26	-5.520521164
9e65be852cc73d76ab190f3c2c1ab8e0c8fba9ac.dcm	bab28f64aafaeab7e87f1f834877bfd3	1401	26	-5.520521164
9ea475dadca4a8952d8cb40475e4d5f6549bcbbb.dcm	2c591c6971c365d4c1fd3adda5111324	7	13	25.36252594
9ea82d59ca21bfcaed86ec0b59324e5c5c97f59b.dcm	0f6b7b1d4ff08fa99ab015e14e274979	14	35	43.95888138
9ef130c545156e26f9038627c527caa54abd7904.dcm	0d48ed85423e13c516736d0e736d906e	1000	38	-195.4812012
9f238c94a1d29ba531ee1f09c31e73063dc63d4b.dcm	6d5af8f98791bcd484ffd1de5f7b7e38	10	51	-266.9389343
9f72b3a90e42660eaac1f8a50eea663137fb3b99.dcm	eb85b86dd3ba51f3c2e7bc248c913f2e	3	17	-2.156788111
9f82935f1e95c90c89b3a5623d4ac38e4e56437e.dcm	9d4e280b852271e5404db9eb65fcc451	1601	47	36.37841797
9f97af007438782c08a4b38f3f3d2797c6676cf3.dcm	236a5d18b184e750b1dc5223151439ff	15	5	-194.621582
9fc6739a364541a8812afe5d4529e3d7a50ed725.dcm	d414eb4eda1a453903b1b6774744f95c	1150	46	-239.4545288
a002384404ac83b434ece704d87cc019079b89f1.dcm	ea43200c3cf6d69b302af1af7f1905e5	14	6	-115.4747467
a0151e1ee37cd544d3b87d346d1ce91d57ef4770.dcm	cee6d244cbc091b9f104f8a07ca2438a	1150	3	-3.094314575
a0a23b1f7de235cec592a45b70c8bc86d11ada34.dcm	b28f88cbd54a520d20a507791cd98a88	16	62	118.878418
a114d8201719857e579eb9fab6dda1941cd87540.dcm	d89544d071cae6a320aee51e5cac6df4	1000	10	-41.5722084
a11ff407fa584f89aae14b2437aaa648313a02ee.dcm	b9e085c965e66ea8f2edcef1ed0ae316	4	2	-63.6409111
a2034036df12b5da8f50c61afcf64920b0558bb1.dcm	0264a4ada42226aba1b266490eb43680	9	27	-135.0169525
a24b714acade72af9593272a17679ffeec54c7a4.dcm	27ba896405eb6b285c3c01b7bc573740	1150	26	-129.5195312
a24ea54639734a9f0948ec7aeeb14474963edc59.dcm	d2deb3138469d27ca731cddb9ab26097	11	12	-52.56570816
a29e7f8217e75aa15e63dec25c31da0a037f86e0.dcm	29ea5c90f4f7e890a40e3ac57c6fbf48	11	90	-195.4812012
a2a284259d99c307023a604ca28d9a1579701f5b.dcm	4796c335c9ab0b0bb13af06c3305daf0	1401	29	10.97261429
a2f2915d13668cc5880d55562139125ffb298885.dcm	02421612da7235b607160f6d005659ec	15	66	140.878418
a2f3b4f31542ba5dc58ca993f51a59a15ffc5e8d.dcm	da4613a75b2a754368facb056dfc66a9	1150	28	-140.513031
a30ca93209b718a5496988286b5f728cf336d402.dcm	a780a4578186741a3efd8efa645a4fad	5	10	-30.84937668
a349f24ed29c6aae99b1b8213ff37185d6b5dc5c.dcm	6e2e14b18d032c93cc9eeb7d6280642f	11	53	7.898537159
a373e2261c045312eda447d2e79da808e17e7c0c.dcm	1a2e9ea019a944e0654451cf136a911d	1150	31	-157.0032959
a3b8e02d870c528abdd23a48c9528611a36d8754.dcm	80f278e59a5735619e99dd5d3f2c72f8	1601	55	80.37841797
a3cfe8d79ba7924d8f3a27d4932a5b4b89d329ee.dcm	29d3d5a3317c0ee3b35fdc8218d1f8fb	8	21	-31.69999695
a3f26164d867063974f884b2f3f8db87241e0567.dcm	6b9200867cac0f0a98451f6db4011c8b	9	46	-239.4552002
a40ce2d4efb1b6107d5810e71745e6de5633e404.dcm	6e0c58ece09787ba09cb695237509cf5	1601	45	25.37841797
a4cae6575af6bd9ac920844da4ceae3d5cd0decb.dcm	dcdb8d8f031d6a803e8fad87d88e4324	11	23	-113.029953
a4f01880640de3018677d2aa4ebfea21949f4efd.dcm	9928f49c656570fcb7bcbb5227e5149d	4	12	-22.65149307
a54b7c5c7f3e0f3276656415d57ed335bf75c773.dcm	7e5c484d0d1ae92607b6975282f4780d	5	16	-6.255725384
a58531f4cdbeb17fe9915b275367f6e09ba5efb6.dcm	037ff47a16d06b29c91d88c4d47e6869	1600	24	-90.12158203
a5c012ac58369fe3593cfe2643c60965a0dc84fd.dcm	334d0673513b4892e2744168b0ac57aa	11	73	-102.0364532
a5c4316f8a4b2b18b11e14eb025d37836660b48c.dcm	29b1444244a57ca40164b8ab7261916c	12	19	-91.04295349
a5cdc065c516a3ea7931b33b188872b2c8b01f87.dcm	612355702e1cc4077853d26e420d7311	15	40	-2.121582031
a5e17fa6f758a9385db9ed81281bb1488194b6d3.dcm	22d6b62ffb4b6a01b71910dd213b2c66	1600	52	63.87841797
a605579659fcd9a03313ed7dcf6981bbe81f4e0d.dcm	6046be669145d82d56dba7c9a108be9e	16	51	58.37841797
a6158cc5712fd1c24acc3e9cfccb270f25694522.dcm	7cc32452894690de435ac8b00d76da13	11	97	-233.9584503
a63b9a94e4db8eb95fd047fa680ca6eef1770f44.dcm	906b8a865c650639e26997cdf4ba598c	1150	10	-41.57154083
a69095429cd07583b68c78892cb6bdebdfd346a5.dcm	0e4f131506f4100423fa8e57334d3a2a	14	33	32.96345901
a6b1a11e07c5dbeed05793e8333514cdc23bdd08.dcm	a1c074fa3c7bb6d872d7c5c4272d16b3	14	36	49.45659256
a6d9901bb842dd032639807d618b6d55fac0ba93.dcm	a5e1fb056e665adc936f3322ac43a4d0	1600	56	85.87841797
a6e757c318e7933399fc8048d8e64dc37f2c4191.dcm	cb4493a3dae3bda90c0d30d6eaf62eb0	1000	52	-272.4356689
a73221410ab3d7ca0c3cfcf073a1fe5b289ebb98.dcm	195d6030d92634f1b12371b11e7e996e	16	10	-167.121582
a76e75e2dca6f79e655794b7187b57e1c0a0e6f2.dcm	2e1b23109d5ec5d6ef5e876cd7f73cf7	15	39	-7.621582031
a7a04f6bbb4ed8c3b233809258296c103ae93152.dcm	efd0000e7138e127166b9d4a98a582f5	16	3	-205.621582
a7df579f5355a03b4ab0ede39378fda0731d26de.dcm	2115998b99d764f9a28c74972caaa37a	14	44	93.43828583
a80260d6a81b4007764c74f48e74e853908d776e.dcm	849188c4340c63e4b29fcc1ecad13766	16	22	-101.121582
a81636ad9b92f3b08248e7b79f61256171984f7c.dcm	1130f53499f42e6ac7fb9f059f49666b	15	31	-51.62158203
a8940fa0af95f68da794e3acfa64a279507d6799.dcm	72a50654dc8999a2924b3e6c787c6ee3	10	14	-63.55920792
a8b219418210570c5598d969b07540679627d473.dcm	b9ef857b2a05055b66b2143bae184c73	10	23	-113.029953
a8b47780d4aba73878f4bcec226db5a6547e8bf7.dcm	9c24bdeb7e7452a8ca6754002b0b755a	10	10	-41.5722084
a8c535f7e9d49d557aa0d1f550b948bdbf3785c0.dcm	78d7f7809c3babd7ed637b87c1238cfb	1601	52	63.87841797
a91a515c36a7f40ef2571c621b4248de2f23b81d.dcm	eb9b47fef56816a0cedb15ffa677e1d7	1001	18	-85.54620361
a95a8b09da75ca64b7df7245f6de1420a8b30cd9.dcm	d1ac5a301122d164b3863969a9c16780	1601	44	19.87841797
a9665fdbf2021dd44dfb039fb2c95ca0b7ea7464.dcm	6c1a28123b4796f8c26922f9a24896d8	11	49	-255.9454498
a9685c1a375fd46de9543a571b0c4bbb79f04593.dcm	f9a469f06e78973454c4774bb3ae3168	3	3	-59.54197693
a978ed608b54e95bf106475a7697dd05ffd4045d.dcm	d4567967fcc9eca53e177ccb6cc9af93	1150	2	2.402435303
a9c3820e157f6371ad736368530f5773e94a48a9.dcm	2cad72a452457f6b66542dcac89529c3	8	12	-25.0
aa93ea322203d428325b0ea369d15d75ffd09ba2.dcm	cf1d0275e34c8abb7674df67bf0ce11d	1601	39	-7.621582031
aa94529a74d29219f3d0ed0eff958423e0ec72aa.dcm	7e83b548e8fca4fce08ef0fdba2e7d23	1601	67	146.378418
aaf6df08d3acce7ce0917dbcfb892107cb8abab4.dcm	2fe164c722373b71de31c1fce7e24774	10	34	-173.4942017
ab7ac6d6e81140fcc1f3c5d7d5772f118319f918.dcm	b20bc3a1980d6ae6aa8cfe4094efb986	11	60	-30.57871056
ab98cdfe2c04103ece65ce22ab929351a7f772c4.dcm	b1cf02cdb6f68ea6b55bb489216c539b	6	18	-9.138444901
abc8d005bd7c4ffc45dd6b014b67f6ddadc028c9.dcm	74238103732617bb661d8c0a8a9299e7	10	16	-74.55270386
ac220a87a3588fe6e928facdab338f48ef592a43.dcm	8239131157f4f8c3c7796bbc36a5be89	11	63	-47.06895828
ac2863e8c28c14078b3914e5a239ab36fcd77710.dcm	8484106218fff13522386274da2905b6	3	12	-22.6515007
ac857370f01911d31a21c82131c54343bb5881f3.dcm	2d9e85fec7ce907edca2dcb52a67328f	9	6	-19.58520508
accc1f1c38e6898a6f0eb38fc07f155eeb534a3e.dcm	83f0bfb406d9a288e876d9151564cbde	1601	58	96.87841797
ad5fb0925e1e417ab0adfb927529143746db2049.dcm	8cdc23409ac5d3f74dd6d46dedee76f3	1401	44	93.43828583
ad610c0e4350b2a7c9fc0f2ae7a7bad22671103b.dcm	f29a6090a925d10f8cde9fcf6fd08891	1001	20	-96.53970337
ad68c08805ff1abfc65a82dde6e08a8a140a6bf3.dcm	c1b61200d9bf9fad14cc526bad287895	9	37	-189.9844513
ad70f1b088aaadc42d2013d63e1e2feb5d7f6f79.dcm	bffe48520a52a68fbb1e57e2c2018b94	1600	5	-194.621582
adbadea637d6d70b52c04524715d996b7b5f79ca.dcm	1bfd73f53510b41e702de7ff5efaad8f	1401	2	-137.4655914
adcd1b0102a07567b5bba83f439b26f5dbd455c6.dcm	a3bf4c596247eb2e5b9fda6a715720af	8	15	17.0
adf2e90d8f86d9ec820eed057ebc061ee03ba366.dcm	a76ef943f66b2b0feb0c74170d04aaab	1600	45	25.37841797
adfd6806cd03aad1d66199cc83db91c26de22cfe.dcm	bb40d74825c688eafce65b41c7f2d8eb	4	13	-18.55255127
ae332260d19668cb5aec02740eba1b82155ff1f0.dcm	2ed668681e094a195155c8461782d301	1600	21	-106.621582
aeab2ac4196b36068a35c8c65029f1a37391e20f.dcm	1bf163cc1a8a1c91855ad2fc3968a1d8	1400	21	-33.00907898
aef15b702f29b650b5c7ebdf783ae6afd759c7d5.dcm	93927451cef8ad2ce1d485dff926dfbb	10	31	-157.003952
af7c5e82def7aefdd6f4ccfa3a0b188921db8146.dcm	3193d735f20ee6916b9d43741bca30cc	4	14	-14.45360947
afdd1fcde3e1a1b3ee4036e34ac685b8b449fbf1.dcm	87e418d174ea11509f1702b3e2d666ae	7	6	71.88699341
aff6dceab81dbeda255fbeed623fc1b24315f057.dcm	a378354bd8d1c63d58f1e360088578a0	6	22	-36.84121323
b015cb4cf0bd6cef140e57d24848e33a40b7a35d.dcm	313d8b274774382c020ff632d16fb2bd	1600	65	135.378418
b018aca0949c3d85dcd6d59b34442c4d2feb148c.dcm	2e431d5a55660a35127da8f73288611c	1150	24	-118.5260391
b0e35c052aac74847840bc2f60b684767e508817.dcm	11f741e1846d4bf30df73c4f7a8d9e8b	2	2	-132.3605194
b1a0e9da8e36936157d88d2188cdfa3f4ecc1b22.dcm	bda074dc1c3fd7cea23493d75407edaf	1000	12	-52.56570816
b1df0b8101d3f27a938050cff9775e0139b1dfce.dcm	f8a8bf381a906fc19a83665905fafa8b	11	56	-8.591711044
b248ea5a712ed4406bec299b5f2534f5191d9760.dcm	2d588ae1aacad1308ba94ccede6d17ff	1150	20	-96.53905487
b26c0ed811cd3f02698e9fea3d2b77b6b4fa4fb0.dcm	12901a33b507a4f40557cb30202dffac	11	92	-206.4747009
b27cf9ee3028ef744271f29df8b270637b7898bb.dcm	9c3ebfe5c8585a8fbc1bd52d4c50e456	16	23	-95.62158203
b2e8aa214356389310a0e4df339d9a66809dcd4c.dcm	5a78b95e53a1f70f19987b564eb13119	1150	32	-162.5000305
b30949998464e280d27f9fb5fa7931995e28307e.dcm	a3b1dc6af0d7a4d5f43f50c779dd7679	1601	28	-68.12158203
b3951533fee5e80aa495d94a5d191e6c341356b8.dcm	b987a4cda6066ab5d5326db7d106ab1b	1400	38	60.45201492
b3a0bdb547617732d18d79dd5174deeae024f7f4.dcm	308085757e5eb01e9afda3c94505e2a5	3	5	-51.34409332
b3e5d3a242de5a593f733a18954a114ce4bbb982.dcm	cdcc9ee1ea460d37dcb7335a80df9b71	13	36	49.45660782
b410e0506d3ad393bf8194d11bb47ffc47d4f262.dcm	9b5719e48605d37500211ee72683ecc5	9	21	-102.0364532
b564293e00f488efe229c1cfd22b50008f0e1583.dcm	1b598cc2370d12cb12c83a9b0445a342	8	7	-99.20001221
b5a32f9eba10bdcffb40a1672824e5116b096d9c.dcm	b8733929a6b3fbe24d2345d95061d93c	8	16	-111.6999969
b5b3942195b8c87100e4de05210f5d8e239580f2.dcm	abbe5b29f4bb13888d0b9bd82992e371	12	46	-239.4552002
b67b4df869ae8c587e6e98b19c6b7202a3de54fd.dcm	36516c027f8d8f4d5f60f12b307eabbf	1601	35	-29.62158203
b6de4496ac0e9d32d5b7b765ad5d9f996f047622.dcm	31dc5139aaa4aceed5f5fb8eea213c17	2	1	-136.9465027
b711447cf236cb18fb50c3db2a39ae2cf9b2fb28.dcm	029b15d231232028dfb1b1f8913b1e8a	1401	40	71.4474411
b718a2d5697665c1d78cacbabd86b5fbb48f2d9c.dcm	29c6dc6c3d8c270e2f4c4bacd7acc878	15	51	58.37841797
b78673a25a26171a5d4054ffb1899bcd685fac11.dcm	cf3c3bb0199f5b7b4ca2b1d15e15b0f9	1001	7	-25.08196068
b78b44711d3a2def053a1db8709ee5323f228a6b.dcm	15ce59cd108be1497bddb49fffef2e75	10	1	7.898537159
b7a577676211145b91d2a03ca4f9afaa395266bd.dcm	499fe4adba2217b702759025fa062796	1001	22	-107.5332031
b7c20ce6b492f2032e730eed258978e659d2fd99.dcm	45ab3af27f1096e9f26c512e89490d37	1400	46	104.4337082
b7c7bd11437f88470df936b1e4c2bdeb7860ef79.dcm	e8a305aadf4b7c7a59f298cf82eb4413	14	30	16.47032547
b80e077e09d4ae832b1e3abe1a2c5f96829d48d9.dcm	e581a10537ec4229399a0d648f3d9a4a	13	11	-87.9861145
b86c5cfd0935ef50e6858c6a18dfbe526eaaf44b.dcm	4e994250ab33d67af785e2a65b38dad6	1601	50	52.87841797
b8d3b8bf0eb84972f83ef3fcee0fad1c615faa08.dcm	718f208e3ba964c8a48b040eda6978ec	1600	9	-172.621582
b8d72022d1b0aa66eacd13ed4f6c8b9864354ba1.dcm	e8e2cb88cda60d83372a2bb73adcef7e	1001	9	-36.07545853
b9460febec6da64ce7941281b30ad2dee1fc7951.dcm	d0e38500e04a464a9e3bb34c49e43c29	9	25	-124.0234528
ba0f241b34ae5a0fae3baf880cca3b17d7186a35.dcm	9b1b60a1368e51271929ae6512fa3c0b	10	7	-25.08196068
ba373b07a5c46e899803215ca42b1a44718bc826.dcm	5a483234f42f4de47d8cb570db37ef6c	12	35	-178.9909515
ba5e270b8e70bfa27360a42e515afee25ee453ca.dcm	c1b10031252836b073860e5b926e30b8	1600	35	-29.62158203
bac3f5e5ad4035386e333448b33323571a53a60e.dcm	5a82848557f0d5a38008df42777868ca	1601	17	-128.621582
bb3932e3acfd45baff8b4b46d91a39e2df7e9c33.dcm	c5ba18b1d02f227b3ccf6b5c65bcfdff	10	39	-200.977951
bbf526e5dd730d7a43d50afeb24bb57ae7587e9f.dcm	9e70377bfaed8c28563a7100b09594af	12	51	-266.9389343
bc66ee3b06eb892c828f569c5db266a4a754a4bc.dcm	5e7158907d91642bebd90f4590106d9a	1150	23	-113.0292892
bc99b2b2519f02d7e194156fca1a700028c1abe8.dcm	f5d397dab3d63c25eca012c613060cf5	1000	37	-189.9844513
bced679cfde35b1d2c83088d7a91940f3ff04a6d.dcm	d1b06cd3146512d23698fe0d56123535	1400	39	65.94972992
bd12183904030bf4140d769b6715f0dcc9f1b914.dcm	c15ebdd5ac3e75dfb62b7a8791c031b1	15	50	52.87841797
bd20726cec8ffec4d1e371b3f101ec0c4776d0a6.dcm	8d2c77ad340ad95c07ed84809da9dd83	3	13	-18.5525589
bd2a2bf703e980e33138db998f2eb7a661204b6f.dcm	251e5f87133d3e6bfd6ca506b218177c	2	31	0.632786274
bd49b0d462fd40d82541851879e44d4fced9665b.dcm	57d1b7c9742561265638b5e8cc34b496	1001	4	-8.591711044
be2bae8e9b3d9bc334ad74f86d03264a76f0ffdf.dcm	5be8b3ec175ff24548956402b897db3d	1000	48	-250.4487
be84c3c225b015bae56b1bd34497effc13592647.dcm	fc6707c9d7da3d47c5d13225ee0db236	15	54	74.87841797
be97172f05231cc67b431279e5969963d4c8a472.dcm	e263f3f48a61dee15a044c468f18aee3	11	52	-272.4356689
bea0532a353bf9c9d7515e8ab44b433018704078.dcm	62fd80af76b9e7433ac34ac819018b08	1401	15	-65.99534607
beffd2af8cf290b7d82731fcac87f25e7f13c512.dcm	b0816842457a28d884cb5a401cc019ef	11	93	-211.9714508
bf5539d7f9b79a4c7040eb846692c92d7b115f37.dcm	467aa595d86632c564659ff0dff4c5e7	5	7	-43.14620209
bf81e41a70231da6beb85b0a78dc218b23fbf888.dcm	35aaa8699101650407fa0349186bce5d	16	31	-51.62158203
bf8ccd20d6700b056190a85651fa2e564be6e167.dcm	71306fd35a7d5d21205fa6bb5fdd40bb	1000	46	-239.4552002
bff59c59453b51713c5e08197ce86bc1bc5644c7.dcm	fa8a376b91cd085da4a8fd7c9944227c	1401	19	-44.00450134
c035f9def69d352339c96ab90fc9bcf97168d439.dcm	e8a5b1f06c93b3ad90386cbe07a9ac29	1401	12	-82.48847961
c0d259beacb8ce312091e8d87d527a00e69040a0.dcm	fa084c83e158b7f709c8905661e72e75	1601	30	-57.12158203
c22789151c74468d12b229845e42a2ef5d17aa61.dcm	29915cac677c8d58be68e005825f2653	1000	8	-30.57871056
c242f8462f4fe98d37aa637c3f0d6fd1085a2e5b.dcm	c2e29b9df12b75da96fe2cee53fbad97	7	17	-4.787580013
c2d3091d654f45ce5c9d86a46ec71f0068ad227c.dcm	734791d78c70d570e2c6523f77dbf091	1601	36	-24.12158203
c36a78da2f7efd78972fa533f48391c750a65ae0.dcm	337a9b162cc4c354a11331130666c6c0	1400	20	-38.50679016
c3a86ebff3be05fff078009baf8bcca8eb0c33fb.dcm	71a7ca3fd9890a00c91d195fe1a3683f	9	28	-140.5137024
c3e40d0178899d8a80f45fb83ede1a6ac58ac5a2.dcm	485590853b88f11566168cd22cfa9511	1601	49	47.37841797
c42be913d7a8b7639266a1a3b64d0685e5dba2ca.dcm	5c4ce0fc418daab0c2e98d57b4273132	2	14	-77.32881165
c451242ca2a2cc9a049911b9c133dd0558673c22.dcm	5a3148badc31777b1439d14c28cbb152	12	20	-96.53970337
c4d27765352a38d51cdfd55f2f2ab38985785d7d.dcm	9aefb2a09e52ec849862680d37cd6d78	1150	14	-63.5585556
c50849af3fa55c64b65462cf2a06bd72e7d5687b.dcm	4c3ee582dc525d431f1b169c0def1a51	11	100	-250.4487
c511c013420287de1b8ec63399a1e1d40d74d069.dcm	f5c58f71ae2e97032832abc582b6539c	12	52	-272.4356689
c533d3f036aff2d67eb385de5a4073f54810c42d.dcm	8bcf0f182fdf40f20bfb39d6a893d2ca	16	37	-18.62158203
c5389f3ec058f1283159087287686b3ce2cc476c.dcm	4b983758e1d41088af277054a127ca7f	11	95	-222.9649506
c55e57d430c66ecf90eb96ec127fe3af92edce25.dcm	95f41e77f9a11509f7f73b6124557607	1601	31	-51.62158203
c60e48ac138fc21482f0399d171c216f69827ffb.dcm	1be5e932d17915e443e0162483039335	12	42	-217.4682007
c63d0f578f024d080d1e175a0c3e2984fc0d4868.dcm	99eb49cd663f343126561cbf68c2a137	9	9	-36.07545471
c65438aabaa36adb43832e04063ae2cb2f56f4de.dcm	3840a1cb2f612302d8193fb4d00cace0	16	16	-134.121582
c7079d4c2fbd34a22293baffd225e1dcee51e917.dcm	b481aa26a3e74c5e94994e3324a8eb1f	16	53	69.37841797
c70fa9ee38c3f795f27a0e8e50a9140af8e46269.dcm	aad930d7c345570ec31fbea9f62bd687	12	8	-30.57871056
c71fd9bfc1a294787c72f966bcabde8dc4ef431b.dcm	da235c82fd145b9416446a8ca33ba090	12	21	-102.0364532
c74d8186d5f6f9fb611f8ecf67004daf11f9786c.dcm	911b8f08e94c08ffa588f7789a9ff3e6	1600	40	-2.121582031
c760b7bb00a1384e84182f6b40940da6b5f8aa7d.dcm	2ded958285644d2021855ad9f68ba0c1	1001	13	-58.06245804
c7f51a8bff8f54f25b3e736ad7895e4d62902a1b.dcm	afee3573f524457b538a0bb56cdcb27f	12	38	-195.4812012
c82c0203b4579e5df45362f60b122fff7e5ac3a3.dcm	9177fda0534fbdda5caf802f9b6c5892	14	9	-98.98161316
c86a3e7d899dbf7ee85a1d107615dd67806f029e.dcm	dd652fd6b4fe57cca5e13769d2ab19d7	1401	32	27.46574783
c8921c8859ea89354f26e476626f874236a16390.dcm	49f752ecd25b006467fbcd9f0fa1dc85	1150	19	-91.04228973
c8b4e0de19ba5035d501fad6c62f20b78a5a35b2.dcm	2fd2816a175ae7d1ee165bd702bfc064	1150	42	-217.4675293
c8bbb06a027b8f985899bdd5dce3974e7897b8df.dcm	a20c458d6d910e4bd7be3f44177483c2	14	24	-16.51594543
c8c77cf45b843cf68ec94766da18b8e656dbda00.dcm	a72711bf5fe3ce8f257d929cca8a638f	11	46	-239.4552002
c8f434cb669790ab50b6828eede0581a506ef235.dcm	9d08792022b4c2b043799d10b2725026	12	12	-52.56570816
c8ffaa3d04a4d7071f8515e829cfc146c0cbbe1f.dcm	2157f69f172f5dbfffb1651ae489310f	1601	59	102.378418
c932f5c31de6ee2aa3d62f7f623bea0889f72d7b.dcm	6521907031cc457669092b5490631ed8	7	8	63.14971924
c97e42aca37e169494b8ae0744f595e7af016e14.dcm	79e16e441ac1ab054c9f2e8953166db1	10	41	-211.9714508
c9bb027789532397190555404a1bc0199f4ea23a.dcm	b640f9334a9d45234518f973a28a4063	1000	41	-211.9714508
c9c8c96c9c261b87f2a20014409a547b5fe90fce.dcm	e8e0b59b135f819cf9edc13ad835716c	6	7	67.51835632
c9d80fc0b3f0fc79c98798d3b882bff170757d69.dcm	edeadb98b6fe9ff0f6bfeea830e5c8f2	15	11	-161.621582
ca78555ad17fcf195b58c76cc4ab0e56bf2898b4.dcm	86aa25202301184dd590f34e5437d1ec	1150	29	-146.0097961
cad795f1a6e4be53f2cbb34e6fe29efc07cc3016.dcm	1cda2adca019f87cbe1cab4d9ec9ae36	11	34	-173.4942017
cb09f48dd055f8d64c9d9b82de8f93f588300411.dcm	250dc9cfc68b74fe89c007259eae3008	10	49	-255.9454498
cc2b89d7f8e82fdbabb1ab37533cfbbceb0e696f.dcm	6bfff6e0defc5974b20afbbbfa1311ee	5	4	-55.4430275
cc59d32a7c3b2a52ebb3933788fc4692a0e43c53.dcm	97ce0c2c3432b4b7438f66c9a3c47b13	12	31	-157.003952
cc5e76eab7adaa7c8cb3155ddc0757fc2cd49c4c.dcm	988a8962416eb9f014e79f93dfddaf81	1601	2	-211.121582
cc700d92348b0e17a2b4bfcc715261e9701a7aa3.dcm	1f3688cdce5cb12ea437550d3397964d	13	8	-104.479248
cc75c001205ce8bf6ad38d1dc00ada95a28642a0.dcm	4728960d92553e064fea79f60bad44c0	1150	15	-69.05530548
cc7ad7da4c7d936e121ce1155f919a1bd4aa409c.dcm	8143a0c1b422517c51b253344b736862	1401	13	-76.99076843
cce8edc75df25ff9a8d7eb54dc14cc72eecf6dc1.dcm	88d46240cd5e8d336c5dd9e9aab36622	1601	65	135.378418
cd1cf62516e673692207b4c8b071c58f3a66edf6.dcm	0b7a76e624fdceda2bd97a8e953ee6ea	1000	16	-74.55270386
cd48b049e58927e6349d4735a4776fdf9b4b6c85.dcm	951e4688768705ce1fff25ba949e120a	5	14	-14.45360947
cd63ed19455d59911125d72e6cf983e12b50a7ee.dcm	643663d972e8ad05247cbfcb07aacd04	10	3	-3.094961643
cd67960f133ba3287603a79669c54163fcfd1331.dcm	2a52daf6c5611f2e35c286bfe84f4ccf	4	8	-39.04726028
cd7794fd8a7052742a9584968a3d4b389a6c542e.dcm	2bf96758270e46c59c27deb9e0a07dd3	1001	26	-129.5202026
cdf236907fcb29d8165db32d6bd48b1a2e809acd.dcm	7959bbde0213cd89b979bcac8445ea4c	15	26	-79.12158203
cdfedca410641f2e2423000a5252462700a7f3b0.dcm	fc2a16c9ed7cd5334a2f0d0398b35c7b	1001	12	-52.56570816
ce572e77cf3e02d758c04b518d7a4a54f0da55c5.dcm	1e43445abbe7e4abeed07b7dd460f93b	15	59	102.378418
ce5eb97d0af7a9fabf3240755fcf3fe70ae38644.dcm	f66264867c31f46a19d5915626dd93f8	5	11	-26.75043488
ce637c6521f4ad105d8f4d1279953662974c3d0f.dcm	8fbe937a6473ec94e6bcf305301dc189	1401	38	60.45201492
ce887a1feb0234a4e26b00ce08fa26772359009d.dcm	e6fbb23c9e9674ac1f29561dee4cd3a6	14	1	-142.9633026
ced23bc210c043d8e1aec3bdb08890506b01b732.dcm	b8f7902cfc9c32550c8183e9cc1a266d	1150	8	-30.57804108
cee1cda2e55e6a313f0083bb40d06b381f683649.dcm	535a4477018bdf949b462a79d4852888	1150	43	-222.9642639
cf98b2d1681d569c3e309b95a27ccaee58aa7ed2.dcm	d32f7e3fa3a6969e9f6a7790c40821ea	14	32	27.46574783
cffb2a413eb8ed09ae24ecb71a1d09f3492c069a.dcm	e1699f0949360adddec577f4896023ab	11	104	-272.4356689
d00aea5e0a0ddf2f090c426cda7910862bf70cdb.dcm	a574543ee4a98c20c73c3df80e5bf0d0	14	46	104.4337082
d0ab5192d4d016964c670dbcd0a4abb0f9fc2666.dcm	b7d465e000cfe08c7f2a54d1e9fc3afa	1000	2	2.401787758
d0aedadd5321988ba7fa070067acd70dd99276eb.dcm	d86f3e75bb4e362264447dc4d4b65688	2	9	-100.2586899
d120b192ca550ea044d9d75e9ef8a4dc4b8a6b02.dcm	7e62f96c8b05898a2fc39701865bc073	1000	33	-167.9974518
d1459711e5883837fd0046d5d405c34b665a3577.dcm	505135bca0b031da4250975d46c8c660	1400	2	-137.4655914
d1ad36ce36049509742518d216fc7a331c5dad2b.dcm	788345b225faf139b377c94b1b4a0a29	14	25	-11.0182333
d1b30261ac9c744847302fb04e109fd9781b9de0.dcm	69ed03ea8a67ede0ec11615fa0ce348c	11	64	-52.56570816
d210612998004f22a5dd9e3a42a9bfa8037e0f59.dcm	428c8bae1b53dbacf994c6954e69d953	1401	16	-60.49763489
d262c9d113231f41a44719ea973d61fcf254dd48.dcm	f92cee37044fe188b7ee7402b1fd242d	10	6	-19.5852108
d2bb0a6da9962b4e1786232b01d78fbb9a9514c7.dcm	2576ba09cee87bf28689020345fba86a	8	9	-67.0
d2ef55f832ea4810d2f17031093fdb38ec12a2a3.dcm	0cee83843a68d6d0f6a3dfc2f73a2ffb	1401	10	-93.48390198
d338d23b5dcc21e389f71dcedbd034ce8436dbfb.dcm	568be3a3e5ffac0b85511618feaf13a7	1001	23	-113.029953
d3407d99c4edaa3b4e40ec492d6f43b5ffc11c78.dcm	c15b77d2242885e11a61af133e30e655	11	25	-124.0234528
d3cd087cdc4923061c3ee668e34543f41ed0a631.dcm	7e0127afb181975f56edc8674a546f84	8	20	-47.69999695
d3d1e397ac9db63c5bdd7ec68a8c42157338f772.dcm	3aa5d3e7dc30e97051d34c20c3e14b70	15	65	135.378418
d3d1f3546760c9a05d87b6e00ee8ea4af70aa4cf.dcm	ad464780b2d3a6d89c9e6edf990f0f8e	9	23	-113.029953
d3e71a8b729172e0c1451c5ebe55ea705f4d0d5a.dcm	61f23f67eaa25505da00c3c207a5fa17	11	75	-113.029953
d3f67a7809432d2e83faac09e8196b8dccf31392.dcm	4cc6b0bc16d1d29a7f5bebef0b419a61	12	37	-189.9844513
d41374f8b1a1df43a8e514d558b9581079948470.dcm	e17569ede70fcbb226af4e70d67dad79	8	14	3.0
d421d00517c7db33085d46c592770f15704913fb.dcm	077710c3ffb175c687203b1cc3ad2b44	4	5	-51.34408569
d45e6dbff75f954db695e1c2bbd9c75f7cb4cbc6.dcm	09eb8b9e28c6edec028b36b13240fffe	1400	34	38.4611702
d474be8d9adb231783ccc3cba081fa8ea2ec766f.dcm	7ae95a0870dc9a601457f08377ecff75	12	49	-255.9454498
d4cd87a46fb0351ff07d75f002353dc28ad28152.dcm	afbd64cb18ed7bf6ab0ca1dd9d2c60f0	1401	1	-142.9633026
d570b9d361dab72bc8575cc5fb6e7c22be77d386.dcm	90e3ca090bd294b4658bf7a45612ff75	11	81	-146.0104523
d5aa574657cd6244f86f973e36b4b6b124827817.dcm	0e993a30d6292f025609044f69bce1ff	1601	33	-40.62158203
d5ab320a487885815329e3fe2eb21a13c85bdf40.dcm	2ca93eed518cb59981299dc7c23df12a	1001	41	-211.9714508
d62644b9d52a80dc9d107403be5fd9c526ec48c6.dcm	b4d63403dbd2abf7da7bd94c8309407a	6	13	25.36252213
d62e19826b248a50915750e2ecfbe99f52c3292e.dcm	141eb32e4757af6649744615b65b50e2	3	9	-34.94832611
d6861b036c50ccfd6a19dfd76302df120ec2cd9f.dcm	ce829d669b3b9f9733cb0edf8ed83c16	16	49	47.37841797
d6a364ed1d0527dfabd94ce95d0161cfd49c51aa.dcm	9626b34e6136f8dddde160e4d12806d8	1600	27	-73.62158203
d738f1beaea72ea09d937547288806ed8518d90b.dcm	8d3ac7ca2e0645bb35c5d84510c5db43	1600	28	-68.12158203
d73a1578a9cb26a4132ec2ef1df795c6819693d5.dcm	226ae83ca8793a2f26e44d3627c10d12	13	40	71.4474411
d7941f7722f780a240ed0c8fc5aba810bab7edd7.dcm	6d1f05accbe904859d1022e5cd49e574	10	29	-146.0104523
d7bcbb91ced1ad8abaac0b1590065e5d5186ed90.dcm	2808c1ba695b18066b435a612ec44fc6	11	43	-222.9649506
d84fd492cd286c42eff8b80523255a6293848015.dcm	02569b78084072aa648382a9748cb3f4	16	14	-145.121582
d87334643add6cf3f80d82d92364600d615bc618.dcm	2eaa0db21da7d30c46a657354f24fa30	11	84	-162.5007019
d896f93506458198df6b2713a31cd9a207473522.dcm	f9d6be38bedebf5a003c342ee2c691bb	12	13	-58.06245804
d8fbe49b004f9ab9f0aafa65a0dba9841a9cf9e3.dcm	bc2059ee57081c9a07a86889aeba1e5a	1150	27	-135.0162964
d955462663b796f0496fb91dcb7e9972120a47b3.dcm	ded838a313bfcc3bda729bcd433ae1aa	1150	30	-151.506546
d974a47c9b6d3d61af6e72d39a4fb0ed4e043daa.dcm	4cadf06ee4a3b4655c1c79039f87d09e	15	34	-35.12158203
d993b1813297aa3f3a179a2a577d035d269eb8fc.dcm	259ae068a30b6d8f19ab2bd3a4893ecd	14	5	-120.9724579
d9c6916d15a842a4c6699f4ac841cb43becb3154.dcm	9684b9d8c49c027b2fa159d1c6713e67	1601	46	30.87841797
da999aedcc4fcb635ac780ca7f8ae04375014169.dcm	30cadfdebde5924e4c1262f19ee7f8e3	11	30	-151.5072021
db0159258d11b1c082040a687320e9594d304895.dcm	e027797019f57a1deeb52e90c8a52687	1600	47	36.37841797
db52dc84c50bbff8242ee76f304537a54171c41f.dcm	82b047809407ad3f68c715685a22a753	11	7	-25.08196068
db815f795b935c1525dfd6654cd9226bc52b5204.dcm	4fe803925a3ac0ec53075493e9d1004d	1400	23	-22.01365662
dc12e5db0d110868102a12f337bc14c0d83aaba6.dcm	8995b69eff841c09766f6737a6a7bfb3	1001	44	-228.4617004
dc3c6a6a3059a46938cd998a197db2eb5328d51e.dcm	1eac38f24743e290cd9919a0227604b2	1000	14	-63.55920792
dc569baacea51ce504ff7a5846bf789d90be54a1.dcm	14376da0023582c4f4ed253641e96d5e	12	43	-222.9649506
ddad3581a760c17481bedc16492cedabda2f9fa5.dcm	91c600e8d9b5c2c557e04996dce89c24	14	16	-60.49763489
de474e04629ca730261930d5bf0d2c261b7d189a.dcm	f12cbe34b4148e4e082f4d8cb239ab28	8	10	-53.0
de7879a736dcaf565ff3f8cfcb3cdd51bdf4b99f.dcm	103e7da126935a01ef0e0a7f9cb2efa4	15	27	-73.62158203
de8459242238aa7226cfd2156586b2ac23461632.dcm	98ee7768c10c62378be374f041f4a393	9	33	-167.9974518
de8a2a3bcf671fda4fe686abdf39298f66002e02.dcm	85b969b02f5d5798495b74bacaaccc8d	1000	26	-129.5202026
de9bcdd066b1fafb5192384ecc32d8f229778c60.dcm	98e8c8a9e10a26ab159219dbf88e9d5e	1400	43	87.94057465
df97d5213b23da1ec8d540275a95ad7193486a11.dcm	bc39ac8edcf4b73e5cf5230562ca1487	15	58	96.87841797
dfe7efdd9fef43a78a0bc6e5064087551143a41d.dcm	8a656ae61ac96e0611884354008da24c	2	7	-109.4306412
e0070cc4b4989e85c418f5d0c8350867d0f0ac13.dcm	044bcc4e4cf62cf090e9a2288260e43f	9	14	-63.5592041
e00aef649c7fbb765cf7faa45d7a98a5fb2a1d98.dcm	c5632ed3b7a22ea6aea78d2f559c002d	16	25	-84.62158203
e0c6106519ca72d952fd57c7baba6f165a567133.dcm	8ec69352ad3f546321da8e2e0fe475e1	10	44	-228.4617004
e10b451237fe24b80fac116f7283c4b6ea40d3f3.dcm	12ebaaa2b9c1af1442ae09cbd1fa0f22	14	38	60.45201492
e1707ee193d59ac371cca2798b9eead0409530c8.dcm	5c7313026c4c3da0cfc6f56ba70a1cfb	11	66	-63.55920792
e179f4db8dcb56f76cbef31f64f517e01c64de59.dcm	481a7e43bafb24553be2d04a0b6d07ba	15	3	-205.621582
e17c2bcf2dd1963fb752ae973b8ecc9d932468e4.dcm	93c7978bc0723c5192e7337b1497e731	1000	32	-162.5007019
e2121750f86ea173eb4ba94adee97aa5b0fd2415.dcm	95c22ce9767649ef498ff3c6ee3af69f	8	5	-169.2000122
e21e29e79c723e931a8511b6d4d10e794e160f2b.dcm	6aaf80536c0213104d715a36786858e6	1150	33	-167.9967957
e24a5a5418530515b795015b0da4f39960783260.dcm	5c49f3d195668e5a7a78d675aa12e962	4	17	-2.156783104
e25142d0ca9a8a68ff392365c37aed9f8247ba7a.dcm	b2a6cd0d5041910f64f8a3f1ced474f1	7	10	54.41244507
e2921b59a6ca693cc82959cff9b5a07b17b013fe.dcm	ced16a1a6a0eac1ef5cf657135b634aa	4	7	-43.14620209
e2ec12d804cd9ca4db56303b8e5f9040442edae5.dcm	33a984d72d5d084c43a8776fe574bcf0	9	38	-195.4812012
e35aa246b2f021c2a901c16748646f61c3c934db.dcm	fa8b939147349345130d2cbab10d73e7	11	28	-140.5137024
e3c454798fc3db96d783980e636e541b4993c757.dcm	e81c0c9f66dd999c0e69a0b2ae610cba	14	14	-71.49305725
e3f2197ded9d7fdce4b1d58b0039412bfa3178d6.dcm	c568b9a96b42d5a9de1ded534cbac529	16	61	113.378418
e419f8b9e8639bc43397f39cdeaad9ab8df31f39.dcm	ef922653247eb70b1966f3eb1337e244	16	9	-172.621582
e4bc08ce6535dd8be39e5c38a0e3a4329d81abb4.dcm	08916b87a619ebcad2f95136a4ec5ce4	1000	13	-58.06245804
e4c7b24cb3ec3f88b7c6f9dee4b8ac55ea026e07.dcm	38f339656061756f62beda6973f04583	3	8	-39.04726791
e525b0d0347de3b5be179db72e8f2f0c4528629c.dcm	dfe3da9cff2411646589af1073befcc9	1401	42	82.44286346
e547dcb9d78111d57a12a5cff78fa0e0e29aa563.dcm	44a2486717f61e05f949d0a432b9ef0e	16	44	19.87841797
e575f1658ffe927b1dd3fdfb4a61e684b78c495f.dcm	ea441fc393cd8b828705f4c178047a42	4	3	-59.5419693
e5b73d079f30a650cdd9a4555158eaf995b238bc.dcm	d12a733759de35d4e5479466ca81bf39	7	12	29.75366783
e61ccb09bf1c6e7e8eb599df4c0b6c1d36a9440b.dcm	5eb6d8b24db721d84e204bd62c58f78e	11	99	-244.9519501
e65386eedb164e932a01817236bba17de328173d.dcm	e38c61953b3a28db3fe6fe5175b67629	13	2	-137.4655151
e6c4fcd168b62bd4ff35561661049e80e96278a1.dcm	2edcf1fce4275e8b6f719ddaa9fcc666	1601	20	-112.121582
e6ffe85bbf1672a21c2391eb17ecc07860ed860c.dcm	45cb94df0332716db90ae5231786bee0	1600	36	-24.12158203
e732746e48b8f6181e3494606649b54b2a7ab87d.dcm	a5fe90e45d6438fb12b89da75467ba26	4	1	-67.73985291
e780fbad1a5104ef116cde272b73c6bfa05abbcd.dcm	4b07468b6f2993e2fa4ff27bfc7cd089	14	11	-87.9861908
e7a31de56ec7ce228e067b58e9ed0569f3cf22d8.dcm	896396dc547a8059be54a2ea7f1520b1	1000	31	-157.003952
e7a331dde369dbaa562d597ad0d48c48d0a0592f.dcm	29cc67ae0e2658f3975283536366af5d	13	25	-11.01818848
e7bb56d64007588bfa9c5829ff465c499ae8bacb.dcm	496bef5b954a33fde817b1ee64733cb0	13	12	-82.48840332
e8115d6b01508e272e311cf97aeb4b04cbb9f4f7.dcm	041e8e4a0f829a9dcb96e48c37271fc9	11	86	-173.4942017
e82eb766c7a82f6284f9b02e9589bf88041ece43.dcm	bdd1ffb1ba8b6aa1db816a4340e8b4ca	3	2	-63.64091873
e86203a638746d8c4c186353046182d7b6843da5.dcm	23fddeec1242c409f9a193f644555d2b	16	60	107.878418
e88b82c81daf8c25f4121c19ae45cdfa111a4fa1.dcm	07c41a19e272918e87c6a8c2f2a852d1	14	43	87.94057465
e8d7c12ec753abdd4bd061234c04ae5f88d01047.dcm	1ca8ba1f0b145a70ec2a1b0ac3d31237	1401	39	65.94972992
e93963937b09beacbeb9c0177aea03d14813cc0c.dcm	db2abcd3ece68e9643431528f3407f86	8	8	-81.0
ea56da00ee193e8bcff2438b8d1a5258e0990aa4.dcm	9d4e3e8edf3f80756548b0a7740df80e	7	19	-13.48931026
ea5a9d3e7871c89e685ff6125ae66ea29b924fe9.dcm	cb3d9eb1c7a267c738be595c35f9633b	1600	63	124.378418
ead1025e644eb2777310da7ecaea59fdfc69e7b6.dcm	f4c50abcb986e796a6330213553d94e4	9	2	2.401794195
eb0c43f09f6185d3c4a00e12af2f7a3c85ce2708.dcm	543271e9550ef20e717b16c429c20950	8	1	-309.2000122
eb4b318f38f513c78f065b28755572cefb309071.dcm	9a2b2d43026fd4cd7074028b62ed98e4	1601	21	-106.621582
eb75d4bb042053fb990fb9d9dde7e701f5998681.dcm	d5e9f955f286b89f0334a44c2eee59bd	1600	11	-161.621582
eb9714ac4abac31a0f121220690cc961027deb9f.dcm	3cfb9c88dd14c0650990bff98acd9eba	16	15	-139.621582
ebe827f3483c5cdb5d69e3114e92061ed3a593c4.dcm	b0862bb4f6ccfa0934be38aac819a17f	11	61	-36.07545853
ec1fa1f06abf4332fe29cf14fa8a8590f128f76b.dcm	1c92cdcb0d238f9f75f023da0f52e806	14	7	-109.9770355
ec220403800444a01aa413ea409b8e6e9785bbd7.dcm	52441d4146a5d25b91afaae21f3b8d61	11	37	-189.9844513
ec287ad038b74a0964d0b1682838cff6bb7d382a.dcm	798134c9d66c9278aace79736bb4d6b4	1150	48	-250.4480286
ecbe3e405e47e161acf248b7a49503af82b2211d.dcm	f0f2061121d70944614545bdc22a851e	1600	13	-150.621582
ecdd944b6688e238b872db8ba44cb5350d5b9219.dcm	944384a0754ae4c2fd9c60a90cee0c0f	15	21	-106.621582
ecf5a38084fa3704297be1f0574df4343425be87.dcm	7dc55976e1526f87f6560df6fc15c44a	1001	5	-14.08846092
ed5f89d4a7150bd0d2b79ec6ad3b4773629f727b.dcm	571d8eb198282cdb7099b22c91121483	1600	55	80.37841797
ed97d3326940a6a3ccd1b997ca5ec0c121bd53fa.dcm	3422026ed4f5bdebd99e9aa127f9c874	14	34	38.4611702
edd72df7166514587f66e0c5627ed6e6eb2017a1.dcm	0eb80ebc1b8a3621376f6b80b792a0eb	1401	34	38.4611702
ededcc4028e05ad2516de005067055d6f3cc68aa.dcm	77cc24b34ab8f65552670262701827cc	15	8	-178.121582
ee089710ad4592bd5ccfa6f975de474bbc365c8b.dcm	17ee1d501ad0ec19210c38065cd8e25a	1000	36	-184.4877014
ee6c6915f976853bd57ff43f88af9e79c97f5268.dcm	a27acc1ef4dc15b48a7aaeed8b99de44	15	4	-200.121582
ee6e8adca635a96b4a2ad801d7041eb869733d7d.dcm	21ddbf1d614e1c9cc1fb704163f43dfc	1600	60	107.878418
ee9ea06641a75c16ade1409cea025737f3554d6c.dcm	70bc9ab2fd866c95028f05b2c8a969a9	13	5	-120.9723816
eeb5d561f8a3e4e6836b9c9213167742e0046608.dcm	cc535fb5d5fbd46f34c382629123d21b	13	17	-54.99985504
eebbaab3c572a57686817e62e1a7713d2b239a24.dcm	bd040ceb26d072bd76c9ddef7c2e937e	1600	3	-205.621582
eec6b7fbf0f1c5cb06558ab56417e96b03f80e13.dcm	d793652e317f6acfdcdda7c9b87c5efd	16	54	74.87841797
eecc8a3cb78cd42da8241774d5a41fab06298250.dcm	9e70293f557be7c803e72dd7246dd01e	10	52	-272.4356689
ef1b156cf0813ebc502c069ab3a28a2da996aa22.dcm	aeb1fe3514bdecbdc0bda3d0b232a98a	16	18	-123.121582
ef7069933141c05c0ba20aa178fdd5fe0504825e.dcm	7535c5db0d12fe23cfbe02b9329fe963	11	13	-58.06245804
f008fc7516279ee822b5328bf277f1d048a58b9e.dcm	a3d4ca381feb19ced5a25f287e12163d	1001	25	-124.0234528
f00a181180ce204cea1a807889c6659b94c02ae4.dcm	c776dc54873ff15e77e00fb11833b2b0	13	3	-131.967804
f0645f8d1ad9ed46d9bbdd78b24b855d9c2d3d4c.dcm	8fed700f6894b1cc2be2dc71277ec459	1400	28	5.47490263
f070502ee5fb9565108231f284a97ffa0aaacd8b.dcm	e5ceb9a36d646cad9691fba44cc07acf	11	9	-36.07545853
f0b85cd2be830c444128406fcd62a05685b2bd17.dcm	c34b80df81612d1ff8084b46231dd227	1001	1	7.898537159
f108e939f6d4f2bc968a6e218dee2d8ffcd09bf5.dcm	87e3f99667f3cb6f59e3713be897f3e2	16	5	-194.621582
f158c5e1dd1847d804a673ed40ef34a41e0e4404.dcm	80278c820879f50aa1f047394b094c34	2	15	-72.742836
f19c6b31ed431055a342e9d3ea8259a717b6f44c.dcm	ec6b5e77b3c399178858de17af95a5e7	14	23	-22.01365662
f1ddef49a8dac187ea1aff9b9b64054c3f2e117b.dcm	4f47538448bb4904fe9e5b999c5308b7	1000	45	-233.9584503
f1e4ce9a473e0e4e098bb130e93006c4e1ab9985.dcm	aba359d9e9c0051e02ee8a0a88920538	11	67	-69.05595398
f210f06dfacb467ac91f42b4c4368802b6cbdd63.dcm	a0049b948d88fd1cdbacde203aaee7ec	10	24	-118.5267029
f214b1526ab5b6d1a6a7023575261db3e8086c7a.dcm	a7771baf9d82dd863566a606938251df	1600	30	-57.12158203
f230deb47a23b431d6220dbc98a75731fd84f67b.dcm	88cd649d0614087435ceec71d533a087	11	70	-85.54620361
f254e412fd86f001998eeb7ae4b412f1560ac600.dcm	031c23084356603a1d6f4f4fc067424b	13	35	43.95890045
f297d923245f94ec92e4f3a5202fadaa8e8d28db.dcm	12357fb9bc52829bdcfec1e72c4591cc	14	29	10.97261429
f29fa27b6ac6625b3726a119be6096bd0268a63d.dcm	ade251d4049d1282fff3fc4df4a92a13	1600	38	-13.12158203
f2ec96c1db0988573c7c210f8fcc3f0fa148f539.dcm	ec94e86254544a49a95f5640faf83f70	10	25	-124.0234528
f30404bc0b8b86dccc359fa9152f0a2e9ee013e8.dcm	03c0fc7ec8f5167fff958f8a4b750dac	11	27	-135.0169525
f334000fac69e37f79d7579b6a823ecb9fd31b7e.dcm	42be3891d93a4e85cbb0c643df5004e8	1600	59	102.378418
f36b2bbeb0216a55434f799efc65d2ddc6bc3f6d.dcm	8304f8fd1f5bee6b21935932d3c3d39a	1000	29	-146.0104523
f385ff284e5731d62bafd151e999258aef4ef95e.dcm	5b5b97b1eb300d1220d0db8253533aef	1150	45	-233.9577942
f389d461396955de016e48825defa4424266d7de.dcm	84d612e4f189dccdd41efb20e79c975f	1000	5	-14.08846092
f3d10da82438655686034dedf3e738defdb1526b.dcm	d7912b2a6906c6d61648bd350f02e4c8	13	28	5.474939346
f3febcdb95aa59373fbf7f410947ba3c6152880c.dcm	0608e7a0f0a0d3a3899cf742ab62884b	1600	26	-79.12158203
f41bbfee14549e438b395cf0cf72d90ae04ec71b.dcm	bd7f0c6773be7d40b731440642625077	13	23	-22.01360703
f4284958a8ba2af4f94007375108c1b4f93fbe9f.dcm	506298a6b8a6b52cb738419feb5586ac	1400	1	-142.9633026
f47bb8dcbeb2781897e8139ed01e76e9b03e7ac7.dcm	5119b4f2ce9beed904f1fe518f9f8a4a	1601	24	-90.12158203
f4bf42159a822c00e525f7896d5bd1127fd86d2b.dcm	24452d8c8015c6dc8d7ae93dd8cb9ce1	9	20	-96.53970337
f552978a75962569c906397fee8f9e964d40a534.dcm	a8e7c971393c2cc9f98345c905072fe5	2	19	-54.39893341
f55a155b394fed0ef55cd84e15727f8c2f2c1bd6.dcm	c84201cfed90d0ffe7cee6f5a0492fea	1000	49	-255.9454498
f56ccf958e9428818fa25c52e7fa99c977208cc6.dcm	a2a6b6aaf23bc71af813084549607954	1000	9	-36.07545853
f591587d4b5fe3ec4c7d66f4fb790db58e0747a6.dcm	25bd96f47d316d1dd2d0a17febb6b572	4	11	-26.75043488
f5cf21dc020646ec4ba3fa7631027acba272700a.dcm	aa839cca9ade9508c4bb2b9ee89e18bc	2	4	-123.1885681
f5f05ff9d398d26cb03a6a948d267f826e0781d7.dcm	443e747ef5bb94d4f1a6661deb35b54e	3	14	-14.45361614
f664289b10429bd27d8c37ffbe0e2fd90f0607b8.dcm	fbce82eb6e08d2d35a0b0857f81dc11a	9	47	-244.9519501
f738b9e8d2b849718bd554df30100767a2f70241.dcm	4ad107ce627c641b93bd8aa95edba392	1600	33	-40.62158203
f7c396758b3c8602bed6c343f827f1ff781b439e.dcm	677199db89a3a7aca2b9fb1a4ee08d0e	1000	27	-135.0169525
f7c7c4c6c4d7063784d6943632fd9ebd02b4a0f0.dcm	e069d7eb70aadb35f4fdc352b563e04c	16	57	91.37841797
f80201d4cb07885ae316e82982f26bcf68cb5533.dcm	86bf92345d96ed0a67c7cb35c5f240af	10	18	-85.54620361
f862bfda27392a4c0e40eeb438febc5837cbc7fe.dcm	ef605675382b68166cfb7260bd31c1fa	13	42	82.44286346
f8d999954ed403efdc191a5445b52a7bced247bd.dcm	aa7395490fa79b8a95b24b3f6f65726e	1601	1	-216.621582
f8e64e20dd79168dce35a104b95c539c0d9e6662.dcm	9603e42e50cdf3d15b321106850b4867	9	4	-8.591705322
f9ba1d00c178f5604ab62241a574b5d56fbc6591.dcm	5c9b92353bdf81807d07595be2e8439a	6	2	103.1682053
f9e123477b1b772cf4c982d4f52c9b1317a29e93.dcm	5d41ca0402f62afeada0181768b2ad43	7	14	20.97138405
fa1f47ab29988411198bcbcec5172b96bb584998.dcm	7e29d2704dbad3415407031f8b520d5f	9	16	-74.55270386
fa993d247378d207bd034ba39e40a3bd4b173ac3.dcm	ad41a506e5f683d4cf2a74ce1ae44a51	1601	18	-123.121582
fac8b87d5392891b9f03f012b6798520daf51d70.dcm	3ef9accb573fb9c868474aa3465e1a45	5	13	-18.55255127
face7119ac5538e73361bdb32929107351864e41.dcm	97e3f16ce51951cc2e9507ea0f6fc854	1401	28	5.47490263
fad36a4207dd55b039210249a802bec03969598c.dcm	256ae7ec81bafe3909cc62e7dcf03e04	11	42	-217.4682007
fade4ea3d5a901b11de61bf6878e68a4ba6ee080.dcm	ded19547dea31364701b205ccbd3b74d	1600	2	-211.121582
fb0d38c96b2327af40e5392d90427c9bfb1b837a.dcm	096f70e4c126b1e68a7f4fbc6aaf6c0b	1000	28	-140.5137024
fb1be2adac44a4125ee2bc6bed849f56d94be3ce.dcm	5954f9f74b7ddf2025b61d7c40c6831b	11	78	-129.5202026
fb2092e7c3ccce3a6428faec8ccc8ddab75221c7.dcm	d250f904d33c92dffb68e081fa776f01	1001	48	-250.4487
fb2d9f3fe319053e02e9dec5cd30143861be4737.dcm	aea3c34e646b76b9b2de0e24ef747b10	11	80	-140.5137024
fb4e9575445c7c1e04e31e24f2b0dbf1f336658d.dcm	0acc6fc32018487d9faac87d25aaf8a7	4	15	-10.35466766
fba229c0c67b47e4c812e6fc627a73c3499821a8.dcm	0b545ab93b9c362edb68cca02672758d	1000	44	-228.4617004
fbeb119ae5e75a00e8dbd6dc4091d8270c3afcfd.dcm	e818a2b1c2cf2c1ee004f80afcc46496	16	47	36.37841797
fc1751388f64f433c4c61321771188feb099730e.dcm	0d65a6ae370f5de03d6b57650df433bd	15	33	-40.62158203
fc27ec66752d5fa93c08d8b81c4e5bf10c4f27c9.dcm	bedd8f3418061c56fae9e03f7361ff1f	1401	46	104.4337082
fc371f7b9a29cd7e1ad4e6ac7f5493ddcb24806b.dcm	7932fedfc31e8030561994f0ba287306	11	11	-47.06895828
fc937bf0439cf5fe2a1dd316348b54a9593e05b5.dcm	62be1a0c1f864976a06d8986d7e6e6d4	1400	40	71.4474411
fd52910200d4788a57ea4a670e92fe1aaa01457e.dcm	9fc02a18c55cd6de492b4ecea001c089	9	45	-233.9584503
fd5c2e2f1b05c5aa73b5af65c0f4b33aecfdffe2.dcm	5677607228c57319249645dced765ef8	9	39	-200.977951
fd5faa024f16b3feaeb059abbda77c276e3927ac.dcm	b015222d9f63a1cee343819276da1ad5	10	42	-217.4682007
fd6c5eeb6ff8b9e42e6f3b154126cbd362a6d46f.dcm	57ba182f80c4a9d4b9076314cde8b588	1401	14	-71.49305725
fd81c18cf74a0c64e960e08d94027bb6250557dd.dcm	89e17f3ae775e10f1eb0f6c04c015db2	5	1	-67.73985291
fd9429a2157a69e985f00ffe08f8e64d28662997.dcm	b208c5616306e39b0a0199988562bb10	1400	44	93.43828583
febee98720d13c59d29d41553ff01879c9cdb26b.dcm	f0fa45431aa643770c34afacbbce9281	13	45	98.93599701
fee37bd289da087db054d13c4b23b10c7c668b93.dcm	d12259cdcca0fa0dfede0c03f54fdcc9	6	19	-13.48931026
fee8b435cf854e01de375c7e14019dedc46722b6.dcm	6f86de7c1e595deea8a17507818f7127	13	30	16.47035789
ff1536ebea227c0c873ecadab29eed5e8f16743a.dcm	eed34b2734f4341154991ff07d7d3eb7	1601	48	41.87841797
ff901ba527e422ce82db6a7fbda73a853b561c88.dcm	92181192c8ee47fa0f593af316c4abd8	12	30	-151.5072021
ffa0636e70271349bbbf911cf22ae7e404d1f36a.dcm	d5a29973740233a0ff89f81762bf8039	1600	15	-139.621582
